fixture	case	step	cycle	source_ns	model_ns	layout_ns	index_ns	frame_ns	total_ns	parsed_bytes	retained_model_blocks	rebuilt_block_rows	indexed_other_rows	visible_rows	peak_rss_bytes
oom-edit-realistic-v1:mixed:1048576:a2669d94455fc82d	source-line-top	insert	0	3489008	466195	184091	6904	5101773	9248462	1467	1932	19	17533	41	176943104
oom-edit-realistic-v1:mixed:1048576:a2669d94455fc82d	source-line-top	delete	0	2766710	223028	174071	3858	5185427	8353335	1467	1932	19	17533	41	176943104
oom-edit-realistic-v1:mixed:1048576:a2669d94455fc82d	source-line-top	insert	1	2800847	219902	173050	3346	5070673	8268148	1467	1932	19	17533	41	176943104
oom-edit-realistic-v1:mixed:1048576:a2669d94455fc82d	source-line-top	delete	1	2790487	214010	173661	4338	5172562	8355289	1467	1932	19	17533	41	176943104
oom-edit-realistic-v1:mixed:1048576:a2669d94455fc82d	source-line-top	insert	2	2806278	209271	171827	3336	5084640	8275572	1467	1932	19	17533	41	176943104
oom-edit-realistic-v1:mixed:1048576:a2669d94455fc82d	source-line-top	delete	2	2777311	212637	172429	3647	5138916	8305200	1467	1932	19	17533	41	176943104
oom-edit-realistic-v1:mixed:1048576:a2669d94455fc82d	source-line-top	insert	3	2769987	204351	172098	3868	5217500	8368335	1467	1932	19	17533	41	176943104
oom-edit-realistic-v1:mixed:1048576:a2669d94455fc82d	source-line-top	delete	3	2826116	217968	175184	3217	5158624	8381339	1467	1932	19	17533	41	176943104
oom-edit-realistic-v1:mixed:1048576:a2669d94455fc82d	source-line-top	insert	4	2759636	203460	167559	2855	5051956	8185706	1467	1932	19	17533	41	176943104
oom-edit-realistic-v1:mixed:1048576:a2669d94455fc82d	source-line-top	delete	4	2779135	202958	177388	3446	5264262	8427481	1467	1932	19	17533	41	176943104
oom-edit-realistic-v1:mixed:1048576:a2669d94455fc82d	source-line-top	insert	5	2782671	201275	169784	3096	5069700	8226936	1467	1932	19	17533	41	176943104
oom-edit-realistic-v1:mixed:1048576:a2669d94455fc82d	source-line-top	delete	5	2839393	218920	178490	3778	5187491	8428282	1467	1932	19	17533	41	176943104
oom-edit-realistic-v1:mixed:1048576:a2669d94455fc82d	source-line-top	insert	6	2766750	205814	171396	3658	5081904	8229742	1467	1932	19	17533	41	176943104
oom-edit-realistic-v1:mixed:1048576:a2669d94455fc82d	source-line-top	delete	6	2811277	207468	169813	4088	5139147	8332043	1467	1932	19	17533	41	176943104
oom-edit-realistic-v1:mixed:1048576:a2669d94455fc82d	source-line-top	insert	7	2784535	200143	169422	3757	5078768	8237177	1467	1932	19	17533	41	176943104
oom-edit-realistic-v1:mixed:1048576:a2669d94455fc82d	source-line-top	delete	7	2821658	217417	174833	3938	5155899	8374036	1467	1932	19	17533	41	176943104
oom-edit-realistic-v1:mixed:1048576:a2669d94455fc82d	source-line-top	insert	8	2764466	210944	171476	3848	5043108	8194142	1467	1932	19	17533	41	176943104
oom-edit-realistic-v1:mixed:1048576:a2669d94455fc82d	source-line-top	delete	8	2763284	205463	170855	3708	5183844	8327404	1467	1932	19	17533	41	176943104
oom-edit-realistic-v1:mixed:1048576:a2669d94455fc82d	source-line-top	insert	9	2759045	206075	174232	3356	5081454	8224602	1467	1932	19	17533	41	176943104
oom-edit-realistic-v1:mixed:1048576:a2669d94455fc82d	source-line-top	delete	9	2837809	233989	173200	4058	5138194	8387492	1467	1932	19	17533	41	176943104
oom-edit-realistic-v1:mixed:1048576:a2669d94455fc82d	source-line-top	insert	10	2793613	213028	177339	4068	5074499	8262768	1467	1932	19	17533	41	176943104
oom-edit-realistic-v1:mixed:1048576:a2669d94455fc82d	source-line-top	delete	10	2771009	209982	170855	3688	5110530	8266284	1467	1932	19	17533	41	176943104
oom-edit-realistic-v1:mixed:1048576:a2669d94455fc82d	source-line-top	insert	11	2775468	207016	172639	3277	5053097	8211978	1467	1932	19	17533	41	176943104
oom-edit-realistic-v1:mixed:1048576:a2669d94455fc82d	source-line-top	delete	11	2845254	242135	179793	3918	5161620	8433061	1467	1932	19	17533	41	176943104
oom-edit-realistic-v1:mixed:1048576:a2669d94455fc82d	source-line-top	insert	12	2808523	211174	169573	4148	5061986	8255664	1467	1932	19	17533	41	176943104
oom-edit-realistic-v1:mixed:1048576:a2669d94455fc82d	source-line-top	delete	12	2771610	200804	174382	3898	5123656	8274580	1467	1932	19	17533	41	176943104
oom-edit-realistic-v1:mixed:1048576:a2669d94455fc82d	source-line-top	insert	13	2770588	203560	174352	3507	5081904	8234171	1467	1932	19	17533	41	176943104
oom-edit-realistic-v1:mixed:1048576:a2669d94455fc82d	source-line-top	delete	13	2802079	220854	174923	4038	5170879	8373434	1467	1932	19	17533	41	176943104
oom-edit-realistic-v1:mixed:1048576:a2669d94455fc82d	source-line-top	insert	14	2751921	244520	169242	3267	5090320	8259531	1467	1932	19	17533	41	176943104
oom-edit-realistic-v1:mixed:1048576:a2669d94455fc82d	source-line-top	delete	14	2783873	215814	171877	4037	5243571	8419425	1467	1932	19	17533	41	176943104
oom-edit-realistic-v1:mixed:1048576:a2669d94455fc82d	source-line-top	insert	15	2755980	213799	170585	3577	5031105	8175286	1467	1932	19	17533	41	176943104
oom-edit-realistic-v1:mixed:1048576:a2669d94455fc82d	source-line-top	delete	15	2783483	231344	174282	4028	5223943	8417340	1467	1932	19	17533	41	176943104
oom-edit-realistic-v1:mixed:1048576:a2669d94455fc82d	source-line-top	insert	16	2756500	202407	181065	3367	5071103	8214693	1467	1932	19	17533	41	176943104
oom-edit-realistic-v1:mixed:1048576:a2669d94455fc82d	source-line-top	delete	16	2759887	204942	172769	3738	5136992	8278568	1467	1932	19	17533	41	176943104
oom-edit-realistic-v1:mixed:1048576:a2669d94455fc82d	source-line-top	insert	17	2775297	202928	171656	3708	5094038	8247828	1467	1932	19	17533	41	176943104
oom-edit-realistic-v1:mixed:1048576:a2669d94455fc82d	source-line-top	delete	17	2767281	201566	178350	3226	5181930	8332664	1467	1932	19	17533	41	176943104
oom-edit-realistic-v1:mixed:1048576:a2669d94455fc82d	source-line-top	insert	18	2783323	213289	173981	3638	5073918	8248399	1467	1932	19	17533	41	176943104
oom-edit-realistic-v1:mixed:1048576:a2669d94455fc82d	source-line-top	delete	18	2754757	199151	174032	3867	5168464	8300602	1467	1932	19	17533	41	176943104
oom-edit-realistic-v1:mixed:1048576:a2669d94455fc82d	source-line-top	insert	19	2775638	207648	169292	3317	5087996	8244201	1467	1932	19	17533	41	176943104
oom-edit-realistic-v1:mixed:1048576:a2669d94455fc82d	source-line-top	delete	19	2783162	203689	170074	4008	5160158	8321322	1467	1932	19	17533	41	176943104
oom-edit-realistic-v1:mixed:1048576:a2669d94455fc82d	source-line-top	insert	20	2780527	210373	173240	3427	5075853	8243650	1467	1932	19	17533	41	176943104
oom-edit-realistic-v1:mixed:1048576:a2669d94455fc82d	source-line-top	delete	20	2760598	203820	171847	3506	5125039	8265091	1467	1932	19	17533	41	176943104
oom-edit-realistic-v1:mixed:1048576:a2669d94455fc82d	source-line-top	insert	21	2758134	200493	168862	3226	5047467	8178392	1467	1932	19	17533	41	176943104
oom-edit-realistic-v1:mixed:1048576:a2669d94455fc82d	source-line-top	delete	21	2786610	229390	177639	3537	5182892	8380298	1467	1932	19	17533	41	176943104
oom-edit-realistic-v1:mixed:1048576:a2669d94455fc82d	source-line-top	insert	22	2789966	204652	173250	3046	5057306	8228450	1467	1932	19	17533	41	176943104
oom-edit-realistic-v1:mixed:1048576:a2669d94455fc82d	source-line-top	delete	22	2785918	199883	174342	3918	5122093	8286374	1467	1932	19	17533	41	176943104
oom-edit-realistic-v1:mixed:1048576:a2669d94455fc82d	source-line-top	insert	23	2766340	204181	173771	3346	5047698	8195626	1467	1932	19	17533	41	176943104
oom-edit-realistic-v1:mixed:1048576:a2669d94455fc82d	source-line-top	delete	23	2774074	206506	173630	4259	5162202	8320882	1467	1932	19	17533	41	176943104
oom-edit-realistic-v1:mixed:1048576:a2669d94455fc82d	source-line-top	insert	24	2775517	207317	180234	3637	5047397	8214312	1467	1932	19	17533	41	176943104
oom-edit-realistic-v1:mixed:1048576:a2669d94455fc82d	source-line-top	delete	24	2803422	206284	169993	2846	5130509	8313287	1467	1932	19	17533	41	176943104
oom-edit-realistic-v1:mixed:1048576:a2669d94455fc82d	source-line-top	insert	25	2784775	204361	171516	3838	5160048	8324799	1467	1932	19	17533	41	176943104
oom-edit-realistic-v1:mixed:1048576:a2669d94455fc82d	source-line-top	delete	25	2781991	207948	174342	3016	5116422	8284009	1467	1932	19	17533	41	176943104
oom-edit-realistic-v1:mixed:1048576:a2669d94455fc82d	source-line-top	insert	26	2798112	209441	171125	3598	5076233	8258760	1467	1932	19	17533	41	176943104
oom-edit-realistic-v1:mixed:1048576:a2669d94455fc82d	source-line-top	delete	26	2803202	203069	199211	3306	5119818	8328957	1467	1932	19	17533	41	176943104
oom-edit-realistic-v1:mixed:1048576:a2669d94455fc82d	source-line-top	insert	27	2779095	209020	170495	3707	5056715	8219292	1467	1932	19	17533	41	176943104
oom-edit-realistic-v1:mixed:1048576:a2669d94455fc82d	source-line-top	delete	27	2763133	201505	170365	3647	5161150	8300030	1467	1932	19	17533	41	176943104
oom-edit-realistic-v1:mixed:1048576:a2669d94455fc82d	source-line-top	insert	28	2793974	219140	171707	3176	5047116	8235353	1467	1932	19	17533	41	176943104
oom-edit-realistic-v1:mixed:1048576:a2669d94455fc82d	source-line-top	delete	28	2796278	209641	171276	3496	5144648	8325611	1467	1932	19	17533	41	176943104
oom-edit-realistic-v1:mixed:1048576:a2669d94455fc82d	source-line-top	insert	29	2785808	203780	173400	3688	5076072	8242958	1467	1932	19	17533	41	176943104
oom-edit-realistic-v1:mixed:1048576:a2669d94455fc82d	source-line-top	delete	29	2797320	208499	171297	4168	5112494	8294389	1467	1932	19	17533	41	176943104
oom-edit-realistic-v1:mixed:1048576:a2669d94455fc82d	source-line-top	insert	30	2800136	218369	173931	3337	5061594	8257697	1467	1932	19	17533	41	176943104
oom-edit-realistic-v1:mixed:1048576:a2669d94455fc82d	source-line-top	delete	30	2768513	210052	170996	3326	5149707	8302846	1467	1932	19	17533	41	176943104
oom-edit-realistic-v1:mixed:1048576:a2669d94455fc82d	source-line-top	insert	31	2761641	202157	175875	3898	5052396	8196327	1467	1932	19	17533	41	176943104
oom-edit-realistic-v1:mixed:1048576:a2669d94455fc82d	source-line-top	delete	31	2754606	202146	172739	3828	5136090	8269641	1467	1932	19	17533	41	176943104
oom-edit-realistic-v1:mixed:1048576:a2669d94455fc82d	source-line-top	insert	32	2768613	231203	173471	3266	5091093	8267937	1467	1932	19	17533	41	176943104
oom-edit-realistic-v1:mixed:1048576:a2669d94455fc82d	source-line-top	delete	32	2781519	212928	171386	3207	5169776	8339076	1467	1932	19	17533	41	176943104
oom-edit-realistic-v1:mixed:1048576:a2669d94455fc82d	source-line-top	insert	33	2774095	208179	179091	3467	5123516	8288578	1467	1932	19	17533	41	176943104
oom-edit-realistic-v1:mixed:1048576:a2669d94455fc82d	source-line-top	delete	33	2764756	201075	169162	3086	5140229	8278528	1467	1932	19	17533	41	176943104
oom-edit-realistic-v1:mixed:1048576:a2669d94455fc82d	source-line-top	insert	34	2769165	213108	174472	3407	5124768	8285241	1467	1932	19	17533	41	176943104
oom-edit-realistic-v1:mixed:1048576:a2669d94455fc82d	source-line-top	delete	34	2788393	216826	172669	3437	5150528	8332094	1467	1932	19	17533	41	176943104
oom-edit-realistic-v1:mixed:1048576:a2669d94455fc82d	source-line-top	insert	35	2773032	201035	175885	3106	5080942	8234341	1467	1932	19	17533	41	176943104
oom-edit-realistic-v1:mixed:1048576:a2669d94455fc82d	source-line-top	delete	35	2769446	199812	179803	3477	5155679	8308467	1467	1932	19	17533	41	176943104
oom-edit-realistic-v1:mixed:1048576:a2669d94455fc82d	source-line-top	insert	36	2777581	207758	172869	4008	5045974	8208801	1467	1932	19	17533	41	176943104
oom-edit-realistic-v1:mixed:1048576:a2669d94455fc82d	source-line-top	delete	36	2787010	203098	174763	3567	5140279	8309328	1467	1932	19	17533	41	176943104
oom-edit-realistic-v1:mixed:1048576:a2669d94455fc82d	source-line-top	insert	37	2789535	219451	173460	3948	5062957	8249571	1467	1932	19	17533	41	176943104
oom-edit-realistic-v1:mixed:1048576:a2669d94455fc82d	source-line-top	delete	37	2781349	209802	171998	3276	5150289	8316964	1467	1932	19	17533	41	176943104
oom-edit-realistic-v1:mixed:1048576:a2669d94455fc82d	source-line-top	insert	38	2781900	205023	176747	3737	5078708	8246345	1467	1932	19	17533	41	176943104
oom-edit-realistic-v1:mixed:1048576:a2669d94455fc82d	source-line-top	delete	38	2786780	203419	167940	3637	5182872	8344908	1467	1932	19	17533	41	176943104
oom-edit-realistic-v1:mixed:1048576:a2669d94455fc82d	source-line-top	insert	39	2769676	211835	172228	3537	5079188	8236666	1467	1932	19	17533	41	176943104
oom-edit-realistic-v1:mixed:1048576:a2669d94455fc82d	source-line-top	delete	39	2758184	210894	170645	3016	5116472	8259531	1467	1932	19	17533	41	176943104
oom-edit-realistic-v1:mixed:1048576:a2669d94455fc82d	source-line-top	insert	40	2766380	202217	169973	2976	5141782	8283548	1467	1932	19	17533	41	176943104
oom-edit-realistic-v1:mixed:1048576:a2669d94455fc82d	source-line-top	delete	40	2782541	206426	171977	3217	5180177	8344578	1467	1932	19	17533	41	176943104
oom-edit-realistic-v1:mixed:1048576:a2669d94455fc82d	source-line-top	insert	41	2768183	204351	173421	3687	5067266	8217228	1467	1932	19	17533	41	176943104
oom-edit-realistic-v1:mixed:1048576:a2669d94455fc82d	source-line-top	delete	41	2777682	208730	170524	3346	5142583	8303107	1467	1932	19	17533	41	176943104
oom-edit-realistic-v1:mixed:1048576:a2669d94455fc82d	source-line-top	insert	42	2764406	216294	175545	3687	5102585	8262747	1467	1932	19	17533	41	176943104
oom-edit-realistic-v1:mixed:1048576:a2669d94455fc82d	source-line-top	delete	42	2770016	203008	170455	3737	5172512	8319969	1467	1932	19	17533	41	176943104
oom-edit-realistic-v1:mixed:1048576:a2669d94455fc82d	source-line-top	insert	43	2781679	208540	174272	3056	5075832	8243609	1467	1932	19	17533	41	176943104
oom-edit-realistic-v1:mixed:1048576:a2669d94455fc82d	source-line-top	delete	43	2758113	209722	169102	3096	5161511	8301754	1467	1932	19	17533	41	176943104
oom-edit-realistic-v1:mixed:1048576:a2669d94455fc82d	source-line-top	insert	44	2762051	202808	170635	3196	5053779	8193151	1467	1932	19	17533	41	176943104
oom-edit-realistic-v1:mixed:1048576:a2669d94455fc82d	source-line-top	delete	44	2785697	209300	194622	3207	5148044	8341101	1467	1932	19	17533	41	176943104
oom-edit-realistic-v1:mixed:1048576:a2669d94455fc82d	source-line-top	insert	45	2789525	204862	173761	3497	5044201	8216076	1467	1932	19	17533	41	176943104
oom-edit-realistic-v1:mixed:1048576:a2669d94455fc82d	source-line-top	delete	45	2757422	204702	170835	3607	5135389	8272266	1467	1932	19	17533	41	176943104
oom-edit-realistic-v1:mixed:1048576:a2669d94455fc82d	source-line-top	insert	46	2766510	211355	173660	3536	5110961	8266284	1467	1932	19	17533	41	176943104
oom-edit-realistic-v1:mixed:1048576:a2669d94455fc82d	source-line-top	delete	46	2781660	210373	174162	3607	5151130	8321152	1467	1932	19	17533	41	176943104
oom-edit-realistic-v1:mixed:1048576:a2669d94455fc82d	source-line-top	insert	47	2799184	211536	176917	3597	5051715	8243229	1467	1932	19	17533	41	176943104
oom-edit-realistic-v1:mixed:1048576:a2669d94455fc82d	source-line-top	delete	47	2784866	204842	170766	3456	5134307	8298488	1467	1932	19	17533	41	176943104
oom-edit-realistic-v1:mixed:1048576:a2669d94455fc82d	source-line-top	insert	48	2776550	204651	171767	3707	5066094	8223300	1467	1932	19	17533	41	176943104
oom-edit-realistic-v1:mixed:1048576:a2669d94455fc82d	source-line-top	delete	48	2787111	220563	184161	3888	5153164	8349117	1467	1932	19	17533	41	176943104
oom-edit-realistic-v1:mixed:1048576:a2669d94455fc82d	source-line-top	insert	49	2773784	207046	171757	3277	5056474	8212539	1467	1932	19	17533	41	176943104
oom-edit-realistic-v1:mixed:1048576:a2669d94455fc82d	source-line-top	delete	49	2769396	199702	168470	3778	5142683	8284290	1467	1932	19	17533	41	176943104
oom-edit-realistic-v1:mixed:1048576:a2669d94455fc82d	source-line-top	insert	50	2776480	210773	168812	3507	5033960	8193842	1467	1932	19	17533	41	176943104
oom-edit-realistic-v1:mixed:1048576:a2669d94455fc82d	source-line-top	delete	50	2778523	199282	171627	3286	5132313	8285341	1467	1932	19	17533	41	176943104
oom-edit-realistic-v1:mixed:1048576:a2669d94455fc82d	source-line-top	insert	51	2781689	205333	170394	8186	5040082	8205945	1467	1932	19	17533	41	176943104
oom-edit-realistic-v1:mixed:1048576:a2669d94455fc82d	source-line-top	delete	51	2767431	208810	178671	3447	5142122	8300711	1467	1932	19	17533	41	176943104
oom-edit-realistic-v1:mixed:1048576:a2669d94455fc82d	source-line-top	insert	52	2767051	199792	168691	3617	5058058	8197459	1467	1932	19	17533	41	176943104
oom-edit-realistic-v1:mixed:1048576:a2669d94455fc82d	source-line-top	delete	52	2766339	202888	182698	3377	5135379	8290892	1467	1932	19	17533	41	176943104
oom-edit-realistic-v1:mixed:1048576:a2669d94455fc82d	source-line-top	insert	53	2835285	346620	191286	4729	5105120	8483410	1467	1932	19	17533	41	176943104
oom-edit-realistic-v1:mixed:1048576:a2669d94455fc82d	source-line-top	delete	53	2847338	284869	183339	3638	5158775	8478180	1467	1932	19	17533	41	176943104
oom-edit-realistic-v1:mixed:1048576:a2669d94455fc82d	source-line-top	insert	54	2802911	217757	174953	3477	5066113	8265482	1467	1932	19	17533	41	176943104
oom-edit-realistic-v1:mixed:1048576:a2669d94455fc82d	source-line-top	delete	54	2776019	212116	178891	3396	5141141	8311894	1467	1932	19	17533	41	176943104
oom-edit-realistic-v1:mixed:1048576:a2669d94455fc82d	source-line-top	insert	55	2782552	209691	170194	3527	5047637	8213831	1467	1932	19	17533	41	176943104
oom-edit-realistic-v1:mixed:1048576:a2669d94455fc82d	source-line-top	delete	55	2789635	229310	176587	3667	5148555	8348375	1467	1932	19	17533	41	176943104
oom-edit-realistic-v1:mixed:1048576:a2669d94455fc82d	source-line-top	insert	56	2790337	217507	174582	3868	5069279	8255794	1467	1932	19	17533	41	176943104
oom-edit-realistic-v1:mixed:1048576:a2669d94455fc82d	source-line-top	delete	56	2780377	209321	171677	3387	5135940	8300952	1467	1932	19	17533	41	176943104
oom-edit-realistic-v1:mixed:1048576:a2669d94455fc82d	source-line-top	insert	57	2793533	206545	182478	3257	5024822	8210845	1467	1932	19	17533	41	176943104
oom-edit-realistic-v1:mixed:1048576:a2669d94455fc82d	source-line-top	delete	57	2789785	218759	175064	3577	5154146	8341582	1467	1932	19	17533	41	176943104
oom-edit-realistic-v1:mixed:1048576:a2669d94455fc82d	source-line-top	insert	58	2779355	215343	174853	4108	5085492	8259481	1467	1932	19	17533	41	176943104
oom-edit-realistic-v1:mixed:1048576:a2669d94455fc82d	source-line-top	delete	58	2758054	207006	169322	3517	5182621	8320802	1467	1932	19	17533	41	176943104
oom-edit-realistic-v1:mixed:1048576:a2669d94455fc82d	source-line-top	insert	59	2781830	209301	169482	3327	5098747	8262947	1467	1932	19	17533	41	176943104
oom-edit-realistic-v1:mixed:1048576:a2669d94455fc82d	source-line-top	delete	59	2790777	207397	175304	3486	5157012	8334237	1467	1932	19	17533	41	176943104
oom-edit-realistic-v1:mixed:1048576:a2669d94455fc82d	source-line-top	insert	60	2787100	204612	175685	2965	5070472	8241084	1467	1932	19	17533	41	176943104
oom-edit-realistic-v1:mixed:1048576:a2669d94455fc82d	source-line-top	delete	60	2783092	203770	170655	3577	5191028	8352473	1467	1932	19	17533	41	176943104
oom-edit-realistic-v1:mixed:1048576:a2669d94455fc82d	source-line-top	insert	61	2792441	211665	171016	4048	5090571	8269991	1467	1932	19	17533	41	176943104
oom-edit-realistic-v1:mixed:1048576:a2669d94455fc82d	source-line-top	delete	61	2792381	210874	171456	3768	5151340	8330070	1467	1932	19	17533	41	176943104
oom-edit-realistic-v1:mixed:1048576:a2669d94455fc82d	source-line-top	insert	62	2773444	202677	174592	3307	5068698	8222989	1467	1932	19	17533	41	176943104
oom-edit-realistic-v1:mixed:1048576:a2669d94455fc82d	source-line-top	delete	62	2767652	201135	171116	3817	5126773	8270733	1467	1932	19	17533	41	176943104
oom-edit-realistic-v1:mixed:1048576:a2669d94455fc82d	source-line-top	insert	63	2796338	216885	171367	3917	5061914	8250724	1467	1932	19	17533	41	176943104
oom-edit-realistic-v1:mixed:1048576:a2669d94455fc82d	source-line-top	delete	63	2760949	203840	181165	3366	5149397	8298968	1467	1932	19	17533	41	176943104
oom-edit-realistic-v1:mixed:1048576:a2669d94455fc82d	source-line-top	insert	64	2761170	203960	171477	3496	5054871	8195195	1467	1932	19	17533	41	176943104
oom-edit-realistic-v1:mixed:1048576:a2669d94455fc82d	source-line-top	delete	64	2772893	209391	168681	3847	5106192	8261234	1467	1932	19	17533	41	176943104
oom-edit-realistic-v1:mixed:1048576:a2669d94455fc82d	source-line-top	insert	65	2780968	247225	176587	4178	5114929	8324478	1467	1932	19	17533	41	176943104
oom-edit-realistic-v1:mixed:1048576:a2669d94455fc82d	source-line-top	delete	65	2781750	202387	174523	3346	5144898	8307164	1467	1932	19	17533	41	176943104
oom-edit-realistic-v1:mixed:1048576:a2669d94455fc82d	source-line-top	insert	66	2769365	204471	176236	3637	5068979	8222919	1467	1932	19	17533	41	176943104
oom-edit-realistic-v1:mixed:1048576:a2669d94455fc82d	source-line-top	delete	66	2764306	200594	170625	2925	5117134	8255864	1467	1932	19	17533	41	176943104
oom-edit-realistic-v1:mixed:1048576:a2669d94455fc82d	source-line-top	insert	67	2787010	218549	177449	3978	5058869	8246115	1467	1932	19	17533	41	176943104
oom-edit-realistic-v1:mixed:1048576:a2669d94455fc82d	source-line-top	delete	67	2800838	223228	170625	3687	5157583	8356291	1467	1932	19	17533	41	176943104
oom-edit-realistic-v1:mixed:1048576:a2669d94455fc82d	source-line-top	insert	68	2777391	201024	168702	3486	5070723	8221546	1467	1932	19	17533	41	176943104
oom-edit-realistic-v1:mixed:1048576:a2669d94455fc82d	source-line-top	delete	68	2766119	211505	172378	3667	5145249	8299138	1467	1932	19	17533	41	176943104
oom-edit-realistic-v1:mixed:1048576:a2669d94455fc82d	source-line-top	insert	69	2767792	209472	169502	2786	5077485	8227327	1467	1932	19	17533	41	176943104
oom-edit-realistic-v1:mixed:1048576:a2669d94455fc82d	source-line-top	delete	69	2782651	201486	170134	3376	5132173	8290031	1467	1932	19	17533	41	176943104
oom-edit-realistic-v1:mixed:1048576:a2669d94455fc82d	source-line-top	insert	70	2782882	213489	177228	3867	5038348	8216035	1467	1932	19	17533	41	176943104
oom-edit-realistic-v1:mixed:1048576:a2669d94455fc82d	source-line-top	delete	70	2770007	203980	173240	3557	5115120	8266224	1467	1932	19	17533	41	176943104
oom-edit-realistic-v1:mixed:1048576:a2669d94455fc82d	source-line-top	insert	71	2758464	207157	168450	3267	5064259	8201878	1467	1932	19	17533	41	176943104
oom-edit-realistic-v1:mixed:1048576:a2669d94455fc82d	source-line-top	delete	71	2782972	209832	181997	3527	5253952	8432560	1467	1932	19	17533	41	176943104
oom-edit-realistic-v1:mixed:1048576:a2669d94455fc82d	source-line-top	insert	72	2774696	205013	170033	3217	5049841	8203060	1467	1932	19	17533	41	176943104
oom-edit-realistic-v1:mixed:1048576:a2669d94455fc82d	source-line-top	delete	72	2765849	203940	175284	3747	5162722	8311764	1467	1932	19	17533	41	176943104
oom-edit-realistic-v1:mixed:1048576:a2669d94455fc82d	source-line-top	insert	73	2781429	218318	171748	3216	5074009	8248960	1467	1932	19	17533	41	176943104
oom-edit-realistic-v1:mixed:1048576:a2669d94455fc82d	source-line-top	delete	73	2788083	206335	174863	3958	5137202	8310682	1467	1932	19	17533	41	176943104
oom-edit-realistic-v1:mixed:1048576:a2669d94455fc82d	source-line-top	insert	74	2767372	220483	170805	3136	5043379	8205435	1467	1932	19	17533	41	176943104
oom-edit-realistic-v1:mixed:1048576:a2669d94455fc82d	source-line-top	delete	74	2757683	201476	173029	3547	5152874	8288849	1467	1932	19	17533	41	176943104
oom-edit-realistic-v1:mixed:1048576:a2669d94455fc82d	source-line-top	insert	75	2768714	217757	173621	3447	5070933	8235013	1467	1932	19	17533	41	176943104
oom-edit-realistic-v1:mixed:1048576:a2669d94455fc82d	source-line-top	delete	75	2795466	233398	174041	3547	5186860	8393554	1467	1932	19	17533	41	176943104
oom-edit-realistic-v1:mixed:1048576:a2669d94455fc82d	source-line-top	insert	76	2789285	206465	173741	4018	5066013	8239722	1467	1932	19	17533	41	176943104
oom-edit-realistic-v1:mixed:1048576:a2669d94455fc82d	source-line-top	delete	76	2780808	205504	180354	4458	5147021	8318337	1467	1932	19	17533	41	176943104
oom-edit-realistic-v1:mixed:1048576:a2669d94455fc82d	source-line-top	insert	77	2799965	217166	174512	4078	5033860	8229782	1467	1932	19	17533	41	176943104
oom-edit-realistic-v1:mixed:1048576:a2669d94455fc82d	source-line-top	delete	77	2789685	217837	177539	4438	5205778	8395528	1467	1932	19	17533	41	176943104
oom-edit-realistic-v1:mixed:1048576:a2669d94455fc82d	source-line-top	insert	78	2771499	212046	170294	3858	5066403	8224452	1467	1932	19	17533	41	176943104
oom-edit-realistic-v1:mixed:1048576:a2669d94455fc82d	source-line-top	delete	78	2767441	203009	173821	3918	5139236	8287625	1467	1932	19	17533	41	176943104
oom-edit-realistic-v1:mixed:1048576:a2669d94455fc82d	source-line-top	insert	79	2751119	202167	177268	4158	5092014	8226987	1467	1932	19	17533	41	176943104
oom-edit-realistic-v1:mixed:1048576:a2669d94455fc82d	source-line-top	delete	79	2788503	219671	170534	3427	5161741	8344167	1467	1932	19	17533	41	176943104
oom-edit-realistic-v1:mixed:1048576:a2669d94455fc82d	source-line-top	insert	80	2764766	203109	170154	3427	5096032	8237718	1467	1932	19	17533	41	176943104
oom-edit-realistic-v1:mixed:1048576:a2669d94455fc82d	source-line-top	delete	80	2751941	206395	173431	3617	5124889	8260503	1467	1932	19	17533	41	176943104
oom-edit-realistic-v1:mixed:1048576:a2669d94455fc82d	source-line-top	insert	81	2758725	203820	171717	3517	5076513	8214532	1467	1932	19	17533	41	176943104
oom-edit-realistic-v1:mixed:1048576:a2669d94455fc82d	source-line-top	delete	81	2778233	212918	173751	4108	5168074	8337364	1467	1932	19	17533	41	176943104
oom-edit-realistic-v1:mixed:1048576:a2669d94455fc82d	source-line-top	insert	82	2776660	206425	175054	3316	5123566	8285271	1467	1932	19	17533	41	176943104
oom-edit-realistic-v1:mixed:1048576:a2669d94455fc82d	source-line-top	delete	82	2760118	198710	170905	3647	5211488	8345129	1467	1932	19	17533	41	176943104
oom-edit-realistic-v1:mixed:1048576:a2669d94455fc82d	source-line-top	insert	83	2771499	216184	172890	4118	5093136	8258458	1467	1932	19	17533	41	176943104
oom-edit-realistic-v1:mixed:1048576:a2669d94455fc82d	source-line-top	delete	83	2766400	214130	172609	3256	5206930	8363575	1467	1932	19	17533	41	176943104
oom-edit-realistic-v1:mixed:1048576:a2669d94455fc82d	source-line-top	insert	84	2785968	205092	176767	3778	5053558	8225464	1467	1932	19	17533	41	176943104
oom-edit-realistic-v1:mixed:1048576:a2669d94455fc82d	source-line-top	delete	84	2769927	205874	174904	4028	5128225	8283258	1467	1932	19	17533	41	176943104
oom-edit-realistic-v1:mixed:1048576:a2669d94455fc82d	source-line-top	insert	85	2763744	202427	168931	3657	5053128	8192118	1467	1932	19	17533	41	176943104
oom-edit-realistic-v1:mixed:1048576:a2669d94455fc82d	source-line-top	delete	85	2767572	209662	180013	3657	5152713	8313857	1467	1932	19	17533	41	176943104
oom-edit-realistic-v1:mixed:1048576:a2669d94455fc82d	source-line-top	insert	86	2777080	206335	175233	3316	5042687	8204873	1467	1932	19	17533	41	176943104
oom-edit-realistic-v1:mixed:1048576:a2669d94455fc82d	source-line-top	delete	86	2879492	215312	174071	3507	5138776	8411379	1467	1932	19	17533	41	176943104
oom-edit-realistic-v1:mixed:1048576:a2669d94455fc82d	source-line-top	insert	87	2780166	210313	169693	3928	5060081	8224412	1467	1932	19	17533	41	176943104
oom-edit-realistic-v1:mixed:1048576:a2669d94455fc82d	source-line-top	delete	87	2770357	212638	172408	3387	5171290	8330380	1467	1932	19	17533	41	176943104
oom-edit-realistic-v1:mixed:1048576:a2669d94455fc82d	source-line-top	insert	88	2795547	211044	180945	3888	5094128	8285842	1467	1932	19	17533	41	176943104
oom-edit-realistic-v1:mixed:1048576:a2669d94455fc82d	source-line-top	delete	88	2781258	204260	172869	3196	5110450	8272316	1467	1932	19	17533	41	176943104
oom-edit-realistic-v1:mixed:1048576:a2669d94455fc82d	source-line-top	insert	89	2785817	209341	168742	3326	5032247	8199713	1467	1932	19	17533	41	176943104
oom-edit-realistic-v1:mixed:1048576:a2669d94455fc82d	source-line-top	delete	89	2779815	218109	171677	3737	5122684	8296263	1467	1932	19	17533	41	176943104
oom-edit-realistic-v1:mixed:1048576:a2669d94455fc82d	source-line-top	insert	90	2796679	220152	172168	3307	5058268	8250824	1467	1932	19	17533	41	176943104
oom-edit-realistic-v1:mixed:1048576:a2669d94455fc82d	source-line-top	delete	90	2788533	209381	195113	3307	5120440	8317064	1467	1932	19	17533	41	176943104
oom-edit-realistic-v1:mixed:1048576:a2669d94455fc82d	source-line-top	insert	91	2764937	205924	171928	3327	5107604	8254090	1467	1932	19	17533	41	176943104
oom-edit-realistic-v1:mixed:1048576:a2669d94455fc82d	source-line-top	delete	91	2763704	213238	175134	3858	5133295	8289449	1467	1932	19	17533	41	176943104
oom-edit-realistic-v1:mixed:1048576:a2669d94455fc82d	source-line-top	insert	92	2781730	218699	173080	3296	5080712	8257897	1467	1932	19	17533	41	176943104
oom-edit-realistic-v1:mixed:1048576:a2669d94455fc82d	source-line-top	delete	92	2786429	212016	171868	4058	5168314	8342985	1467	1932	19	17533	41	176943104
oom-edit-realistic-v1:mixed:1048576:a2669d94455fc82d	source-line-top	insert	93	2758895	208539	170515	3828	5057776	8200185	1467	1932	19	17533	41	176943104
oom-edit-realistic-v1:mixed:1048576:a2669d94455fc82d	source-line-top	delete	93	2758664	210323	171547	2815	5117635	8261214	1467	1932	19	17533	41	176943104
oom-edit-realistic-v1:mixed:1048576:a2669d94455fc82d	source-line-top	insert	94	2818171	223008	176196	3517	5055051	8276233	1467	1932	19	17533	41	176943104
oom-edit-realistic-v1:mixed:1048576:a2669d94455fc82d	source-line-top	delete	94	2845505	209020	196686	3497	5114308	8369256	1467	1932	19	17533	41	176943104
oom-edit-realistic-v1:mixed:1048576:a2669d94455fc82d	source-line-top	insert	95	2778985	208489	172108	3607	5093918	8257357	1467	1932	19	17533	41	176943104
oom-edit-realistic-v1:mixed:1048576:a2669d94455fc82d	source-line-top	delete	95	2756871	204040	172167	3797	5126371	8263489	1467	1932	19	17533	41	176943104
oom-edit-realistic-v1:mixed:1048576:a2669d94455fc82d	source-line-top	insert	96	2778473	242015	177709	3848	5157121	8359416	1467	1932	19	17533	41	176943104
oom-edit-realistic-v1:mixed:1048576:a2669d94455fc82d	source-line-top	delete	96	2832199	281833	182899	3848	5213552	8514601	1467	1932	19	17533	41	176943104
oom-edit-realistic-v1:mixed:1048576:a2669d94455fc82d	source-line-top	insert	97	3031941	208670	173951	3447	5068458	8486737	1467	1932	19	17533	41	176943104
oom-edit-realistic-v1:mixed:1048576:a2669d94455fc82d	source-line-top	delete	97	2762411	217738	175634	2845	5157643	8316493	1467	1932	19	17533	41	176943104
oom-edit-realistic-v1:mixed:1048576:a2669d94455fc82d	source-line-top	insert	98	2821879	232386	173340	3758	5081072	8312766	1467	1932	19	17533	41	176943104
oom-edit-realistic-v1:mixed:1048576:a2669d94455fc82d	source-line-top	delete	98	2775378	213418	176987	3236	5198383	8367623	1467	1932	19	17533	41	176943104
oom-edit-realistic-v1:mixed:1048576:a2669d94455fc82d	source-line-top	insert	99	2747583	205212	173721	3757	5049090	8179634	1467	1932	19	17533	41	176943104
oom-edit-realistic-v1:mixed:1048576:a2669d94455fc82d	source-line-top	delete	99	2756209	199462	172428	4088	5119007	8251475	1467	1932	19	17533	41	176943104
oom-edit-realistic-v1:mixed:1048576:a2669d94455fc82d	source-line-mid	insert	0	3166805	459732	172168	7064	5230947	9037237	1467	1932	19	17533	41	177270784
oom-edit-realistic-v1:mixed:1048576:a2669d94455fc82d	source-line-mid	delete	0	2688487	189171	167168	4098	5251507	8300702	1467	1932	19	17533	41	177270784
oom-edit-realistic-v1:mixed:1048576:a2669d94455fc82d	source-line-mid	insert	1	2710680	180975	167539	3897	5194706	8258088	1467	1932	19	17533	41	177270784
oom-edit-realistic-v1:mixed:1048576:a2669d94455fc82d	source-line-mid	delete	1	2709558	186587	167839	3317	5287237	8354818	1467	1932	19	17533	41	177270784
oom-edit-realistic-v1:mixed:1048576:a2669d94455fc82d	source-line-mid	insert	2	2727793	185704	167549	3136	5218993	8303407	1467	1932	19	17533	41	177270784
oom-edit-realistic-v1:mixed:1048576:a2669d94455fc82d	source-line-mid	delete	2	2712875	194622	167178	3597	5283730	8362262	1467	1932	19	17533	41	177270784
oom-edit-realistic-v1:mixed:1048576:a2669d94455fc82d	source-line-mid	insert	3	2718015	181095	165906	3537	5262509	8331312	1467	1932	19	17533	41	177270784
oom-edit-realistic-v1:mixed:1048576:a2669d94455fc82d	source-line-mid	delete	3	2704087	184342	184893	2705	5275985	8352353	1467	1932	19	17533	41	177270784
oom-edit-realistic-v1:mixed:1048576:a2669d94455fc82d	source-line-mid	insert	4	2731511	185825	164363	3466	5217881	8303357	1467	1932	19	17533	41	177270784
oom-edit-realistic-v1:mixed:1048576:a2669d94455fc82d	source-line-mid	delete	4	2689589	189662	178580	3297	5245505	8306924	1467	1932	19	17533	41	177270784
oom-edit-realistic-v1:mixed:1048576:a2669d94455fc82d	source-line-mid	insert	5	2719628	181095	166237	3136	5181950	8252277	1467	1932	19	17533	41	177270784
oom-edit-realistic-v1:mixed:1048576:a2669d94455fc82d	source-line-mid	delete	5	2747362	195403	169193	2975	5279983	8395227	1467	1932	19	17533	41	177270784
oom-edit-realistic-v1:mixed:1048576:a2669d94455fc82d	source-line-mid	insert	6	2737963	188981	167229	3437	5170097	8267947	1467	1932	19	17533	41	177270784
oom-edit-realistic-v1:mixed:1048576:a2669d94455fc82d	source-line-mid	delete	6	2749416	195594	166667	3186	5345682	8460776	1467	1932	19	17533	41	177270784
oom-edit-realistic-v1:mixed:1048576:a2669d94455fc82d	source-line-mid	insert	7	2714418	198098	169953	3948	5232941	8319619	1467	1932	19	17533	41	177270784
oom-edit-realistic-v1:mixed:1048576:a2669d94455fc82d	source-line-mid	delete	7	2745249	194852	168321	3416	5290253	8402372	1467	1932	19	17533	41	177270784
oom-edit-realistic-v1:mixed:1048576:a2669d94455fc82d	source-line-mid	insert	8	2724417	201596	170715	3327	5199835	8300191	1467	1932	19	17533	41	177270784
oom-edit-realistic-v1:mixed:1048576:a2669d94455fc82d	source-line-mid	delete	8	2705780	179352	166046	3828	5275644	8330941	1467	1932	19	17533	41	177270784
oom-edit-realistic-v1:mixed:1048576:a2669d94455fc82d	source-line-mid	insert	9	2703416	181336	178119	2766	5208933	8274820	1467	1932	19	17533	41	177270784
oom-edit-realistic-v1:mixed:1048576:a2669d94455fc82d	source-line-mid	delete	9	2707634	181907	167208	3647	5247329	8307976	1467	1932	19	17533	41	177270784
oom-edit-realistic-v1:mixed:1048576:a2669d94455fc82d	source-line-mid	insert	10	2728926	195443	176126	3497	5191590	8295822	1467	1932	19	17533	41	177270784
oom-edit-realistic-v1:mixed:1048576:a2669d94455fc82d	source-line-mid	delete	10	2714938	185865	165194	2666	5308178	8377081	1467	1932	19	17533	41	177270784
oom-edit-realistic-v1:mixed:1048576:a2669d94455fc82d	source-line-mid	insert	11	2711843	181015	167579	2756	5187551	8250994	1467	1932	19	17533	41	177270784
oom-edit-realistic-v1:mixed:1048576:a2669d94455fc82d	source-line-mid	delete	11	2701302	190694	171998	3036	5248411	8315661	1467	1932	19	17533	41	177270784
oom-edit-realistic-v1:mixed:1048576:a2669d94455fc82d	source-line-mid	insert	12	2745128	194743	166787	3206	5189446	8299610	1467	1932	19	17533	41	177270784
oom-edit-realistic-v1:mixed:1048576:a2669d94455fc82d	source-line-mid	delete	12	2715520	183761	193901	3116	5243852	8340480	1467	1932	19	17533	41	177270784
oom-edit-realistic-v1:mixed:1048576:a2669d94455fc82d	source-line-mid	insert	13	2727082	181927	166307	2755	5178093	8256485	1467	1932	19	17533	41	177270784
oom-edit-realistic-v1:mixed:1048576:a2669d94455fc82d	source-line-mid	delete	13	2724067	181346	167749	2886	5283229	8359527	1467	1932	19	17533	41	177270784
oom-edit-realistic-v1:mixed:1048576:a2669d94455fc82d	source-line-mid	insert	14	2731120	203950	168772	2785	5189756	8296633	1467	1932	19	17533	41	177270784
oom-edit-realistic-v1:mixed:1048576:a2669d94455fc82d	source-line-mid	delete	14	2751179	193651	168230	2916	5326153	8442449	1467	1932	19	17533	41	177270784
oom-edit-realistic-v1:mixed:1048576:a2669d94455fc82d	source-line-mid	insert	15	2699889	191475	166267	3246	5160308	8221406	1467	1932	19	17533	41	177270784
oom-edit-realistic-v1:mixed:1048576:a2669d94455fc82d	source-line-mid	delete	15	2700811	182739	163641	3297	5265204	8315902	1467	1932	19	17533	41	177270784
oom-edit-realistic-v1:mixed:1048576:a2669d94455fc82d	source-line-mid	insert	16	2721662	185785	173390	2766	5237600	8322084	1467	1932	19	17533	41	177270784
oom-edit-realistic-v1:mixed:1048576:a2669d94455fc82d	source-line-mid	delete	16	2686162	185724	165725	3507	5274372	8315751	1467	1932	19	17533	41	177270784
oom-edit-realistic-v1:mixed:1048576:a2669d94455fc82d	source-line-mid	insert	17	2703917	183520	169593	3307	5162913	8223480	1467	1932	19	17533	41	177270784
oom-edit-realistic-v1:mixed:1048576:a2669d94455fc82d	source-line-mid	delete	17	2705630	180284	165986	3026	5351904	8407130	1467	1932	19	17533	41	177270784
oom-edit-realistic-v1:mixed:1048576:a2669d94455fc82d	source-line-mid	insert	18	2713326	181366	167108	3056	5221428	8286564	1467	1932	19	17533	41	177270784
oom-edit-realistic-v1:mixed:1048576:a2669d94455fc82d	source-line-mid	delete	18	2721141	192017	166226	3046	5292778	8375518	1467	1932	19	17533	41	177270784
oom-edit-realistic-v1:mixed:1048576:a2669d94455fc82d	source-line-mid	insert	19	2700510	182448	167519	3146	5286556	8340439	1467	1932	19	17533	41	177270784
oom-edit-realistic-v1:mixed:1048576:a2669d94455fc82d	source-line-mid	delete	19	2733836	260531	173040	3777	5356524	8528228	1467	1932	19	17533	41	177270784
oom-edit-realistic-v1:mixed:1048576:a2669d94455fc82d	source-line-mid	insert	20	2758915	301000	182208	3888	5240766	8487148	1467	1932	19	17533	41	177270784
oom-edit-realistic-v1:mixed:1048576:a2669d94455fc82d	source-line-mid	delete	20	2741391	232637	174071	3116	5312757	8464383	1467	1932	19	17533	41	177270784
oom-edit-realistic-v1:mixed:1048576:a2669d94455fc82d	source-line-mid	insert	21	2746230	219581	171998	3587	5217581	8359247	1467	1932	19	17533	41	177270784
oom-edit-realistic-v1:mixed:1048576:a2669d94455fc82d	source-line-mid	delete	21	2738274	201194	168079	2916	5290504	8401239	1467	1932	19	17533	41	177270784
oom-edit-realistic-v1:mixed:1048576:a2669d94455fc82d	source-line-mid	insert	22	2752162	216475	168330	4068	5185929	8327214	1467	1932	19	17533	41	177270784
oom-edit-realistic-v1:mixed:1048576:a2669d94455fc82d	source-line-mid	delete	22	2737523	200674	169613	3076	5318168	8429304	1467	1932	19	17533	41	177270784
oom-edit-realistic-v1:mixed:1048576:a2669d94455fc82d	source-line-mid	insert	23	2733145	206024	168972	2956	5221277	8332634	1467	1932	19	17533	41	177270784
oom-edit-realistic-v1:mixed:1048576:a2669d94455fc82d	source-line-mid	delete	23	2722794	180915	168420	2836	5272939	8348144	1467	1932	19	17533	41	177270784
oom-edit-realistic-v1:mixed:1048576:a2669d94455fc82d	source-line-mid	insert	24	2720008	177138	173942	3186	5205557	8280181	1467	1932	19	17533	41	177270784
oom-edit-realistic-v1:mixed:1048576:a2669d94455fc82d	source-line-mid	delete	24	2724468	182528	167188	2696	5292968	8370218	1467	1932	19	17533	41	177270784
oom-edit-realistic-v1:mixed:1048576:a2669d94455fc82d	source-line-mid	insert	25	2737934	196125	173801	3016	5194245	8305371	1467	1932	19	17533	41	177270784
oom-edit-realistic-v1:mixed:1048576:a2669d94455fc82d	source-line-mid	delete	25	2723365	192788	168009	2986	5312427	8399816	1467	1932	19	17533	41	177270784
oom-edit-realistic-v1:mixed:1048576:a2669d94455fc82d	source-line-mid	insert	26	2718526	181586	166426	3447	5183243	8253439	1467	1932	19	17533	41	177270784
oom-edit-realistic-v1:mixed:1048576:a2669d94455fc82d	source-line-mid	delete	26	2712203	237365	170164	3637	5313459	8437210	1467	1932	19	17533	41	177270784
oom-edit-realistic-v1:mixed:1048576:a2669d94455fc82d	source-line-mid	insert	27	2733786	183690	167940	3236	5203453	8292335	1467	1932	19	17533	41	177270784
oom-edit-realistic-v1:mixed:1048576:a2669d94455fc82d	source-line-mid	delete	27	2720199	190814	166848	3166	5285694	8366971	1467	1932	19	17533	41	177270784
oom-edit-realistic-v1:mixed:1048576:a2669d94455fc82d	source-line-mid	insert	28	2739436	186617	169573	3166	5239012	8338034	1467	1932	19	17533	41	177270784
oom-edit-realistic-v1:mixed:1048576:a2669d94455fc82d	source-line-mid	delete	28	2749707	204662	167909	3096	5312577	8438171	1467	1932	19	17533	41	177270784
oom-edit-realistic-v1:mixed:1048576:a2669d94455fc82d	source-line-mid	insert	29	2755438	222617	174112	3968	5269001	8425416	1467	1932	19	17533	41	177270784
oom-edit-realistic-v1:mixed:1048576:a2669d94455fc82d	source-line-mid	delete	29	2734247	217957	168481	3307	5339009	8463241	1467	1932	19	17533	41	177270784
oom-edit-realistic-v1:mixed:1048576:a2669d94455fc82d	source-line-mid	insert	30	2751972	185925	170655	3447	5210747	8323016	1467	1932	19	17533	41	177270784
oom-edit-realistic-v1:mixed:1048576:a2669d94455fc82d	source-line-mid	delete	30	2745228	196776	169704	2855	5274663	8389486	1467	1932	19	17533	41	177270784
oom-edit-realistic-v1:mixed:1048576:a2669d94455fc82d	source-line-mid	insert	31	2720269	199191	165906	2935	5213092	8301703	1467	1932	19	17533	41	177270784
oom-edit-realistic-v1:mixed:1048576:a2669d94455fc82d	source-line-mid	delete	31	2713616	201175	170345	2915	5291165	8379486	1467	1932	19	17533	41	177270784
oom-edit-realistic-v1:mixed:1048576:a2669d94455fc82d	source-line-mid	insert	32	2727624	185384	165134	3006	5206729	8288147	1467	1932	19	17533	41	177270784
oom-edit-realistic-v1:mixed:1048576:a2669d94455fc82d	source-line-mid	delete	32	2721060	192859	170475	3036	5287958	8375648	1467	1932	19	17533	41	177270784
oom-edit-realistic-v1:mixed:1048576:a2669d94455fc82d	source-line-mid	insert	33	2740489	183269	166076	3046	5199465	8292595	1467	1932	19	17533	41	177270784
oom-edit-realistic-v1:mixed:1048576:a2669d94455fc82d	source-line-mid	delete	33	2712855	183079	182679	3497	5265454	8347784	1467	1932	19	17533	41	177270784
oom-edit-realistic-v1:mixed:1048576:a2669d94455fc82d	source-line-mid	insert	34	2707264	179923	166727	2626	5170167	8227297	1467	1932	19	17533	41	177270784
oom-edit-realistic-v1:mixed:1048576:a2669d94455fc82d	source-line-mid	delete	34	2727052	196375	167368	3347	5308940	8403303	1467	1932	19	17533	41	177270784
oom-edit-realistic-v1:mixed:1048576:a2669d94455fc82d	source-line-mid	insert	35	2712053	184693	165665	3016	5206338	8272005	1467	1932	19	17533	41	177270784
oom-edit-realistic-v1:mixed:1048576:a2669d94455fc82d	source-line-mid	delete	35	2717544	180504	168000	3136	5253652	8323116	1467	1932	19	17533	41	177270784
oom-edit-realistic-v1:mixed:1048576:a2669d94455fc82d	source-line-mid	insert	36	2719227	199362	168170	3046	5217961	8308036	1467	1932	19	17533	41	177270784
oom-edit-realistic-v1:mixed:1048576:a2669d94455fc82d	source-line-mid	delete	36	2742022	201385	167429	3066	5275263	8389516	1467	1932	19	17533	41	177270784
oom-edit-realistic-v1:mixed:1048576:a2669d94455fc82d	source-line-mid	insert	37	2727323	205143	173240	3316	5206329	8315641	1467	1932	19	17533	41	177270784
oom-edit-realistic-v1:mixed:1048576:a2669d94455fc82d	source-line-mid	delete	37	2718075	186125	166797	2866	5297528	8371611	1467	1932	19	17533	41	177270784
oom-edit-realistic-v1:mixed:1048576:a2669d94455fc82d	source-line-mid	insert	38	2722724	187288	195935	3236	5184546	8293979	1467	1932	19	17533	41	177270784
oom-edit-realistic-v1:mixed:1048576:a2669d94455fc82d	source-line-mid	delete	38	2738494	200294	168450	2686	5319380	8429544	1467	1932	19	17533	41	177270784
oom-edit-realistic-v1:mixed:1048576:a2669d94455fc82d	source-line-mid	insert	39	2711863	186686	171767	3416	5235426	8309389	1467	1932	19	17533	41	177270784
oom-edit-realistic-v1:mixed:1048576:a2669d94455fc82d	source-line-mid	delete	39	2727463	187778	166237	2875	5276006	8360630	1467	1932	19	17533	41	177270784
oom-edit-realistic-v1:mixed:1048576:a2669d94455fc82d	source-line-mid	insert	40	2711903	183800	165786	2645	5261958	8326342	1467	1932	19	17533	41	177270784
oom-edit-realistic-v1:mixed:1048576:a2669d94455fc82d	source-line-mid	delete	40	2730679	183159	167709	2996	5298479	8383224	1467	1932	19	17533	41	177270784
oom-edit-realistic-v1:mixed:1048576:a2669d94455fc82d	source-line-mid	insert	41	2748905	186085	167879	2485	5220947	8326573	1467	1932	19	17533	41	177270784
oom-edit-realistic-v1:mixed:1048576:a2669d94455fc82d	source-line-mid	delete	41	2727484	192037	166166	3046	5322617	8411700	1467	1932	19	17533	41	177270784
oom-edit-realistic-v1:mixed:1048576:a2669d94455fc82d	source-line-mid	insert	42	2713525	183561	165725	2836	5173834	8239733	1467	1932	19	17533	41	177270784
oom-edit-realistic-v1:mixed:1048576:a2669d94455fc82d	source-line-mid	delete	42	2675391	195133	166877	2716	5306505	8346932	1467	1932	19	17533	41	177270784
oom-edit-realistic-v1:mixed:1048576:a2669d94455fc82d	source-line-mid	insert	43	2726902	184963	165675	3246	5208623	8289770	1467	1932	19	17533	41	177270784
oom-edit-realistic-v1:mixed:1048576:a2669d94455fc82d	source-line-mid	delete	43	2697885	188770	173571	3136	5301766	8365499	1467	1932	19	17533	41	177270784
oom-edit-realistic-v1:mixed:1048576:a2669d94455fc82d	source-line-mid	insert	44	2720429	181176	166396	2796	5226468	8297495	1467	1932	19	17533	41	177270784
oom-edit-realistic-v1:mixed:1048576:a2669d94455fc82d	source-line-mid	delete	44	2742132	184923	174603	3487	5308950	8414345	1467	1932	19	17533	41	177270784
oom-edit-realistic-v1:mixed:1048576:a2669d94455fc82d	source-line-mid	insert	45	2728525	194441	167168	3046	5210186	8303718	1467	1932	19	17533	41	177270784
oom-edit-realistic-v1:mixed:1048576:a2669d94455fc82d	source-line-mid	delete	45	2713706	183911	169673	2996	5325172	8395698	1467	1932	19	17533	41	177270784
oom-edit-realistic-v1:mixed:1048576:a2669d94455fc82d	source-line-mid	insert	46	2690050	185955	172488	2695	5200367	8251756	1467	1932	19	17533	41	177270784
oom-edit-realistic-v1:mixed:1048576:a2669d94455fc82d	source-line-mid	delete	46	2706642	182208	166006	2976	5318428	8376540	1467	1932	19	17533	41	177270784
oom-edit-realistic-v1:mixed:1048576:a2669d94455fc82d	source-line-mid	insert	47	2716301	205984	167389	3246	5256317	8349538	1467	1932	19	17533	41	177270784
oom-edit-realistic-v1:mixed:1048576:a2669d94455fc82d	source-line-mid	delete	47	2725981	186496	169282	3527	5319361	8404997	1467	1932	19	17533	41	177270784
oom-edit-realistic-v1:mixed:1048576:a2669d94455fc82d	source-line-mid	insert	48	2713846	184332	167238	3217	5177642	8246615	1467	1932	19	17533	41	177270784
oom-edit-realistic-v1:mixed:1048576:a2669d94455fc82d	source-line-mid	delete	48	2712865	193640	167519	2885	5306405	8383524	1467	1932	19	17533	41	177270784
oom-edit-realistic-v1:mixed:1048576:a2669d94455fc82d	source-line-mid	insert	49	2710130	186987	164102	2855	5317257	8381591	1467	1932	19	17533	41	177270784
oom-edit-realistic-v1:mixed:1048576:a2669d94455fc82d	source-line-mid	delete	49	2711422	185865	168410	3106	5278580	8347654	1467	1932	19	17533	41	177270784
oom-edit-realistic-v1:mixed:1048576:a2669d94455fc82d	source-line-mid	insert	50	2707343	188280	167809	3106	5226608	8293447	1467	1932	19	17533	41	177270784
oom-edit-realistic-v1:mixed:1048576:a2669d94455fc82d	source-line-mid	delete	50	2704247	184152	167499	2745	5276015	8334989	1467	1932	19	17533	41	177270784
oom-edit-realistic-v1:mixed:1048576:a2669d94455fc82d	source-line-mid	insert	51	2710440	181817	170895	2806	5170278	8236476	1467	1932	19	17533	41	177270784
oom-edit-realistic-v1:mixed:1048576:a2669d94455fc82d	source-line-mid	delete	51	2737012	190925	167869	3177	5311895	8411138	1467	1932	19	17533	41	177270784
oom-edit-realistic-v1:mixed:1048576:a2669d94455fc82d	source-line-mid	insert	52	2709247	182178	164272	2946	5171079	8230013	1467	1932	19	17533	41	177270784
oom-edit-realistic-v1:mixed:1048576:a2669d94455fc82d	source-line-mid	delete	52	2717233	192909	166737	2896	5261697	8341812	1467	1932	19	17533	41	177270784
oom-edit-realistic-v1:mixed:1048576:a2669d94455fc82d	source-line-mid	insert	53	2726441	181246	165134	2685	5182601	8258338	1467	1932	19	17533	41	177270784
oom-edit-realistic-v1:mixed:1048576:a2669d94455fc82d	source-line-mid	delete	53	2720049	190293	171337	3446	5256668	8342063	1467	1932	19	17533	41	177270784
oom-edit-realistic-v1:mixed:1048576:a2669d94455fc82d	source-line-mid	insert	54	2701682	181877	164372	3056	5190908	8242187	1467	1932	19	17533	41	177270784
oom-edit-realistic-v1:mixed:1048576:a2669d94455fc82d	source-line-mid	delete	54	2698667	191646	166928	2695	5284312	8344568	1467	1932	19	17533	41	177270784
oom-edit-realistic-v1:mixed:1048576:a2669d94455fc82d	source-line-mid	insert	55	2731792	190915	174212	3427	5192771	8293408	1467	1932	19	17533	41	177270784
oom-edit-realistic-v1:mixed:1048576:a2669d94455fc82d	source-line-mid	delete	55	2732954	183921	169483	2956	5250776	8340360	1467	1932	19	17533	41	177270784
oom-edit-realistic-v1:mixed:1048576:a2669d94455fc82d	source-line-mid	insert	56	2710049	189672	166045	3506	5201640	8271214	1467	1932	19	17533	41	177270784
oom-edit-realistic-v1:mixed:1048576:a2669d94455fc82d	source-line-mid	delete	56	2734928	186326	166286	3186	5378286	8469242	1467	1932	19	17533	41	177270784
oom-edit-realistic-v1:mixed:1048576:a2669d94455fc82d	source-line-mid	insert	57	2731311	198249	168070	3166	5183464	8284510	1467	1932	19	17533	41	177270784
oom-edit-realistic-v1:mixed:1048576:a2669d94455fc82d	source-line-mid	delete	57	2745058	186296	165795	2846	5258701	8358976	1467	1932	19	17533	41	177270784
oom-edit-realistic-v1:mixed:1048576:a2669d94455fc82d	source-line-mid	insert	58	2700680	184412	170956	2846	5270614	8329738	1467	1932	19	17533	41	177270784
oom-edit-realistic-v1:mixed:1048576:a2669d94455fc82d	source-line-mid	delete	58	2715019	193620	163872	2845	5291596	8367172	1467	1932	19	17533	41	177270784
oom-edit-realistic-v1:mixed:1048576:a2669d94455fc82d	source-line-mid	insert	59	2734728	201305	176085	3036	5194235	8309589	1467	1932	19	17533	41	177270784
oom-edit-realistic-v1:mixed:1048576:a2669d94455fc82d	source-line-mid	delete	59	2711291	197508	166016	3557	5316855	8395437	1467	1932	19	17533	41	177270784
oom-edit-realistic-v1:mixed:1048576:a2669d94455fc82d	source-line-mid	insert	60	2708446	182127	169734	3366	5178885	8242808	1467	1932	19	17533	41	177270784
oom-edit-realistic-v1:mixed:1048576:a2669d94455fc82d	source-line-mid	delete	60	2711923	188540	163952	2685	5311395	8378845	1467	1932	19	17533	41	177270784
oom-edit-realistic-v1:mixed:1048576:a2669d94455fc82d	source-line-mid	insert	61	2744938	195243	167168	3447	5220636	8331693	1467	1932	19	17533	41	177270784
oom-edit-realistic-v1:mixed:1048576:a2669d94455fc82d	source-line-mid	delete	61	2716722	217788	168310	3216	5260796	8367042	1467	1932	19	17533	41	177270784
oom-edit-realistic-v1:mixed:1048576:a2669d94455fc82d	source-line-mid	insert	62	2723716	180775	166557	3086	5267879	8342413	1467	1932	19	17533	41	177270784
oom-edit-realistic-v1:mixed:1048576:a2669d94455fc82d	source-line-mid	delete	62	2715579	187458	187769	2695	5259473	8353224	1467	1932	19	17533	41	177270784
oom-edit-realistic-v1:mixed:1048576:a2669d94455fc82d	source-line-mid	insert	63	2736110	197127	168240	3287	5192481	8297536	1467	1932	19	17533	41	177270784
oom-edit-realistic-v1:mixed:1048576:a2669d94455fc82d	source-line-mid	delete	63	2726461	183851	172689	2705	5334270	8420206	1467	1932	19	17533	41	177270784
oom-edit-realistic-v1:mixed:1048576:a2669d94455fc82d	source-line-mid	insert	64	2708536	184953	167128	3327	5184014	8248178	1467	1932	19	17533	41	177270784
oom-edit-realistic-v1:mixed:1048576:a2669d94455fc82d	source-line-mid	delete	64	2715439	179271	164734	3467	5289000	8352173	1467	1932	19	17533	41	177270784
oom-edit-realistic-v1:mixed:1048576:a2669d94455fc82d	source-line-mid	insert	65	2742583	209621	170535	3086	5208252	8334357	1467	1932	19	17533	41	177270784
oom-edit-realistic-v1:mixed:1048576:a2669d94455fc82d	source-line-mid	delete	65	2740438	190845	167759	3848	5295834	8398925	1467	1932	19	17533	41	177270784
oom-edit-realistic-v1:mixed:1048576:a2669d94455fc82d	source-line-mid	insert	66	2733115	189812	163020	3227	5195807	8285292	1467	1932	19	17533	41	177270784
oom-edit-realistic-v1:mixed:1048576:a2669d94455fc82d	source-line-mid	delete	66	2719587	199432	168721	2846	5288720	8379706	1467	1932	19	17533	41	177270784
oom-edit-realistic-v1:mixed:1048576:a2669d94455fc82d	source-line-mid	insert	67	2727042	188751	168220	3056	5189035	8276434	1467	1932	19	17533	41	177270784
oom-edit-realistic-v1:mixed:1048576:a2669d94455fc82d	source-line-mid	delete	67	2737924	189001	165555	2755	5288880	8384536	1467	1932	19	17533	41	177270784
oom-edit-realistic-v1:mixed:1048576:a2669d94455fc82d	source-line-mid	insert	68	2702143	178731	176266	2846	5169466	8229692	1467	1932	19	17533	41	177270784
oom-edit-realistic-v1:mixed:1048576:a2669d94455fc82d	source-line-mid	delete	68	2711712	185194	172789	2815	5259443	8332203	1467	1932	19	17533	41	177270784
oom-edit-realistic-v1:mixed:1048576:a2669d94455fc82d	source-line-mid	insert	69	2733515	183540	165956	2996	5209675	8295972	1467	1932	19	17533	41	177270784
oom-edit-realistic-v1:mixed:1048576:a2669d94455fc82d	source-line-mid	delete	69	2727694	191055	167990	3376	5263301	8353666	1467	1932	19	17533	41	177270784
oom-edit-realistic-v1:mixed:1048576:a2669d94455fc82d	source-line-mid	insert	70	2726711	182559	167879	3076	5218823	8299309	1467	1932	19	17533	41	177270784
oom-edit-realistic-v1:mixed:1048576:a2669d94455fc82d	source-line-mid	delete	70	2710670	191596	166026	3216	5255635	8327425	1467	1932	19	17533	41	177270784
oom-edit-realistic-v1:mixed:1048576:a2669d94455fc82d	source-line-mid	insert	71	2707844	176737	165705	2925	5206229	8259692	1467	1932	19	17533	41	177270784
oom-edit-realistic-v1:mixed:1048576:a2669d94455fc82d	source-line-mid	delete	71	2728165	184532	172809	3137	5353938	8442921	1467	1932	19	17533	41	177270784
oom-edit-realistic-v1:mixed:1048576:a2669d94455fc82d	source-line-mid	insert	72	2723366	179682	165535	2606	5204404	8275913	1467	1932	19	17533	41	177270784
oom-edit-realistic-v1:mixed:1048576:a2669d94455fc82d	source-line-mid	delete	72	2728114	185635	174222	2985	5284211	8375398	1467	1932	19	17533	41	177270784
oom-edit-realistic-v1:mixed:1048576:a2669d94455fc82d	source-line-mid	insert	73	2717203	184141	167538	3066	5224825	8297044	1467	1932	19	17533	41	177270784
oom-edit-realistic-v1:mixed:1048576:a2669d94455fc82d	source-line-mid	delete	73	2722713	185413	167159	2865	5266266	8344667	1467	1932	19	17533	41	177270784
oom-edit-realistic-v1:mixed:1048576:a2669d94455fc82d	source-line-mid	insert	74	2728074	181957	173230	3376	5161771	8248629	1467	1932	19	17533	41	177270784
oom-edit-realistic-v1:mixed:1048576:a2669d94455fc82d	source-line-mid	delete	74	2724748	186466	166466	2885	5252549	8333537	1467	1932	19	17533	41	177270784
oom-edit-realistic-v1:mixed:1048576:a2669d94455fc82d	source-line-mid	insert	75	2732222	193240	165354	2555	5186129	8279740	1467	1932	19	17533	41	177270784
oom-edit-realistic-v1:mixed:1048576:a2669d94455fc82d	source-line-mid	delete	75	2747081	191155	167729	3677	5276937	8386881	1467	1932	19	17533	41	177270784
oom-edit-realistic-v1:mixed:1048576:a2669d94455fc82d	source-line-mid	insert	76	2733014	183149	172669	3357	5268180	8360730	1467	1932	19	17533	41	177270784
oom-edit-realistic-v1:mixed:1048576:a2669d94455fc82d	source-line-mid	delete	76	2708977	182869	163401	3517	5262399	8321413	1467	1932	19	17533	41	177270784
oom-edit-realistic-v1:mixed:1048576:a2669d94455fc82d	source-line-mid	insert	77	2729087	180103	167649	2605	5237349	8317024	1467	1932	19	17533	41	177270784
oom-edit-realistic-v1:mixed:1048576:a2669d94455fc82d	source-line-mid	delete	77	2733124	187989	168862	3176	5281245	8374707	1467	1932	19	17533	41	177270784
oom-edit-realistic-v1:mixed:1048576:a2669d94455fc82d	source-line-mid	insert	78	2706391	181857	167058	2866	5210697	8269130	1467	1932	19	17533	41	177270784
oom-edit-realistic-v1:mixed:1048576:a2669d94455fc82d	source-line-mid	delete	78	2718546	190785	167899	2826	5455237	8535523	1467	1932	19	17533	41	177270784
oom-edit-realistic-v1:mixed:1048576:a2669d94455fc82d	source-line-mid	insert	79	2721291	183019	167879	2515	5194896	8269881	1467	1932	19	17533	41	177270784
oom-edit-realistic-v1:mixed:1048576:a2669d94455fc82d	source-line-mid	delete	79	2724627	195193	172128	3086	5276096	8371410	1467	1932	19	17533	41	177270784
oom-edit-realistic-v1:mixed:1048576:a2669d94455fc82d	source-line-mid	insert	80	2738545	184502	167799	3136	5167372	8261655	1467	1932	19	17533	41	177270784
oom-edit-realistic-v1:mixed:1048576:a2669d94455fc82d	source-line-mid	delete	80	2698476	184682	174974	3046	5260705	8322134	1467	1932	19	17533	41	177270784
oom-edit-realistic-v1:mixed:1048576:a2669d94455fc82d	source-line-mid	insert	81	2710219	179973	169924	2926	5206198	8269581	1467	1932	19	17533	41	177270784
oom-edit-realistic-v1:mixed:1048576:a2669d94455fc82d	source-line-mid	delete	81	2746651	189963	175034	2955	5296295	8411630	1467	1932	19	17533	41	177270784
oom-edit-realistic-v1:mixed:1048576:a2669d94455fc82d	source-line-mid	insert	82	2727082	184843	163451	2966	5213262	8291854	1467	1932	19	17533	41	177270784
oom-edit-realistic-v1:mixed:1048576:a2669d94455fc82d	source-line-mid	delete	82	2711653	192517	166707	3256	5311174	8385569	1467	1932	19	17533	41	177270784
oom-edit-realistic-v1:mixed:1048576:a2669d94455fc82d	source-line-mid	insert	83	2705240	180043	165365	3136	5207881	8261956	1467	1932	19	17533	41	177270784
oom-edit-realistic-v1:mixed:1048576:a2669d94455fc82d	source-line-mid	delete	83	2743294	203840	169954	3126	5282628	8403072	1467	1932	19	17533	41	177270784
oom-edit-realistic-v1:mixed:1048576:a2669d94455fc82d	source-line-mid	insert	84	2736931	183320	167719	2685	5232259	8323346	1467	1932	19	17533	41	177270784
oom-edit-realistic-v1:mixed:1048576:a2669d94455fc82d	source-line-mid	delete	84	2738455	184382	169974	3376	5294962	8391440	1467	1932	19	17533	41	177270784
oom-edit-realistic-v1:mixed:1048576:a2669d94455fc82d	source-line-mid	insert	85	2700620	206335	170254	2425	5185568	8265452	1467	1932	19	17533	41	177270784
oom-edit-realistic-v1:mixed:1048576:a2669d94455fc82d	source-line-mid	delete	85	2747612	201255	168491	2615	5388587	8509081	1467	1932	19	17533	41	177270784
oom-edit-realistic-v1:mixed:1048576:a2669d94455fc82d	source-line-mid	insert	86	2804304	278737	176116	3928	5306665	8570110	1467	1932	19	17533	41	177270784
oom-edit-realistic-v1:mixed:1048576:a2669d94455fc82d	source-line-mid	delete	86	2755118	231154	175514	3417	5278610	8444113	1467	1932	19	17533	41	177270784
oom-edit-realistic-v1:mixed:1048576:a2669d94455fc82d	source-line-mid	insert	87	2728044	194342	170815	3247	5163634	8260432	1467	1932	19	17533	41	177270784
oom-edit-realistic-v1:mixed:1048576:a2669d94455fc82d	source-line-mid	delete	87	2719878	207207	168932	3396	5308559	8408243	1467	1932	19	17533	41	177270784
oom-edit-realistic-v1:mixed:1048576:a2669d94455fc82d	source-line-mid	insert	88	2726040	192178	167829	3257	5269602	8359206	1467	1932	19	17533	41	177270784
oom-edit-realistic-v1:mixed:1048576:a2669d94455fc82d	source-line-mid	delete	88	2721371	183460	168180	2786	5272508	8348595	1467	1932	19	17533	41	177270784
oom-edit-realistic-v1:mixed:1048576:a2669d94455fc82d	source-line-mid	insert	89	2725049	185053	166837	3386	5222951	8303537	1467	1932	19	17533	41	177270784
oom-edit-realistic-v1:mixed:1048576:a2669d94455fc82d	source-line-mid	delete	89	2705811	237887	172759	4238	5300053	8421128	1467	1932	19	17533	41	177270784
oom-edit-realistic-v1:mixed:1048576:a2669d94455fc82d	source-line-mid	insert	90	2772532	198399	171587	2976	5218212	8363926	1467	1932	19	17533	41	177270784
oom-edit-realistic-v1:mixed:1048576:a2669d94455fc82d	source-line-mid	delete	90	2709478	202057	166386	4028	5331835	8414114	1467	1932	19	17533	41	177270784
oom-edit-realistic-v1:mixed:1048576:a2669d94455fc82d	source-line-mid	insert	91	2726010	185264	168370	3066	5196399	8279500	1467	1932	19	17533	41	177270784
oom-edit-realistic-v1:mixed:1048576:a2669d94455fc82d	source-line-mid	delete	91	2724227	187398	167499	3176	5285133	8367724	1467	1932	19	17533	41	177270784
oom-edit-realistic-v1:mixed:1048576:a2669d94455fc82d	source-line-mid	insert	92	2775307	203049	168110	3537	5195357	8345670	1467	1932	19	17533	41	177270784
oom-edit-realistic-v1:mixed:1048576:a2669d94455fc82d	source-line-mid	delete	92	2729266	181677	166677	2746	5302908	8383595	1467	1932	19	17533	41	177270784
oom-edit-realistic-v1:mixed:1048576:a2669d94455fc82d	source-line-mid	insert	93	2708025	185243	167449	3086	5177342	8241395	1467	1932	19	17533	41	177270784
oom-edit-realistic-v1:mixed:1048576:a2669d94455fc82d	source-line-mid	delete	93	2729598	182518	167148	3146	5279662	8362333	1467	1932	19	17533	41	177270784
oom-edit-realistic-v1:mixed:1048576:a2669d94455fc82d	source-line-mid	insert	94	2759987	192418	177799	3357	5185958	8319819	1467	1932	19	17533	41	177270784
oom-edit-realistic-v1:mixed:1048576:a2669d94455fc82d	source-line-mid	delete	94	2716842	182438	166827	3196	5313529	8383093	1467	1932	19	17533	41	177270784
oom-edit-realistic-v1:mixed:1048576:a2669d94455fc82d	source-line-mid	insert	95	2711683	182688	168912	2856	5249793	8316272	1467	1932	19	17533	41	177270784
oom-edit-realistic-v1:mixed:1048576:a2669d94455fc82d	source-line-mid	delete	95	2743705	197568	168511	3076	5324510	8437771	1467	1932	19	17533	41	177270784
oom-edit-realistic-v1:mixed:1048576:a2669d94455fc82d	source-line-mid	insert	96	2746190	192357	176006	3236	5220957	8339057	1467	1932	19	17533	41	177270784
oom-edit-realistic-v1:mixed:1048576:a2669d94455fc82d	source-line-mid	delete	96	2727884	193730	168951	2816	5278049	8371691	1467	1932	19	17533	41	177270784
oom-edit-realistic-v1:mixed:1048576:a2669d94455fc82d	source-line-mid	insert	97	2726381	187959	167750	3236	5201800	8287396	1467	1932	19	17533	41	177270784
oom-edit-realistic-v1:mixed:1048576:a2669d94455fc82d	source-line-mid	delete	97	2699698	190705	168821	3417	5335542	8398423	1467	1932	19	17533	41	177270784
oom-edit-realistic-v1:mixed:1048576:a2669d94455fc82d	source-line-mid	insert	98	2725770	193069	169021	2946	5201820	8292896	1467	1932	19	17533	41	177270784
oom-edit-realistic-v1:mixed:1048576:a2669d94455fc82d	source-line-mid	delete	98	2704318	188711	170504	3197	5263661	8330651	1467	1932	19	17533	41	177270784
oom-edit-realistic-v1:mixed:1048576:a2669d94455fc82d	source-line-mid	insert	99	2727022	181496	165715	2545	5178012	8255002	1467	1932	19	17533	41	177270784
oom-edit-realistic-v1:mixed:1048576:a2669d94455fc82d	source-line-mid	delete	99	2701552	184372	178691	3367	5318578	8386891	1467	1932	19	17533	41	177270784
oom-edit-realistic-v1:mixed:1048576:a2669d94455fc82d	rendered-delete-top	delete	0	2762001	451165	162499	17995	324186	3718348	1304	1932	17	17533	41	177803264
oom-edit-realistic-v1:mixed:1048576:a2669d94455fc82d	rendered-delete-top	undo	0	2773835	200563	162940	13296	334016	3484860	1467	1932	19	17533	41	177803264
oom-edit-realistic-v1:mixed:1048576:a2669d94455fc82d	rendered-delete-top	delete	1	2685230	179884	153761	13096	321151	3353412	1304	1932	17	17533	41	177803264
oom-edit-realistic-v1:mixed:1048576:a2669d94455fc82d	rendered-delete-top	undo	1	2718415	184091	162018	13927	328284	3407017	1467	1932	19	17533	41	177803264
oom-edit-realistic-v1:mixed:1048576:a2669d94455fc82d	rendered-delete-top	delete	2	2674029	180384	151818	12995	318936	3338482	1304	1932	17	17533	41	177803264
oom-edit-realistic-v1:mixed:1048576:a2669d94455fc82d	rendered-delete-top	undo	2	2723725	179052	163421	12655	326060	3405214	1467	1932	19	17533	41	177803264
oom-edit-realistic-v1:mixed:1048576:a2669d94455fc82d	rendered-delete-top	delete	3	2691432	173942	146788	12524	315470	3340426	1304	1932	17	17533	41	177803264
oom-edit-realistic-v1:mixed:1048576:a2669d94455fc82d	rendered-delete-top	undo	3	2753564	178911	162809	12936	330188	3438629	1467	1932	19	17533	41	177803264
oom-edit-realistic-v1:mixed:1048576:a2669d94455fc82d	rendered-delete-top	delete	4	2711371	232497	158731	12695	322103	3437587	1304	1932	17	17533	41	177803264
oom-edit-realistic-v1:mixed:1048576:a2669d94455fc82d	rendered-delete-top	undo	4	2767411	200013	165254	13557	331941	3478377	1467	1932	19	17533	41	177803264
oom-edit-realistic-v1:mixed:1048576:a2669d94455fc82d	rendered-delete-top	delete	5	2712884	188981	151848	12896	322873	3389673	1304	1932	17	17533	41	177803264
oom-edit-realistic-v1:mixed:1048576:a2669d94455fc82d	rendered-delete-top	undo	5	2746491	197137	174262	15711	324527	3458468	1467	1932	19	17533	41	177803264
oom-edit-realistic-v1:mixed:1048576:a2669d94455fc82d	rendered-delete-top	delete	6	2712514	185895	151156	13426	321000	3384192	1304	1932	17	17533	41	177803264
oom-edit-realistic-v1:mixed:1048576:a2669d94455fc82d	rendered-delete-top	undo	6	2771450	245071	168491	13036	328384	3526762	1467	1932	19	17533	41	177803264
oom-edit-realistic-v1:mixed:1048576:a2669d94455fc82d	rendered-delete-top	delete	7	2738835	189973	149464	12644	326100	3417277	1304	1932	17	17533	41	177803264
oom-edit-realistic-v1:mixed:1048576:a2669d94455fc82d	rendered-delete-top	undo	7	2734467	209491	164473	12715	323915	3445332	1467	1932	19	17533	41	177803264
oom-edit-realistic-v1:mixed:1048576:a2669d94455fc82d	rendered-delete-top	delete	8	2726942	181195	150645	13156	326401	3398641	1304	1932	17	17533	41	177803264
oom-edit-realistic-v1:mixed:1048576:a2669d94455fc82d	rendered-delete-top	undo	8	3000910	179632	158882	12515	319477	3671626	1467	1932	19	17533	41	177803264
oom-edit-realistic-v1:mixed:1048576:a2669d94455fc82d	rendered-delete-top	delete	9	2707975	237667	165595	13747	339767	3464971	1304	1932	17	17533	41	177803264
oom-edit-realistic-v1:mixed:1048576:a2669d94455fc82d	rendered-delete-top	undo	9	2756209	188720	162740	12645	339726	3460482	1467	1932	19	17533	41	177803264
oom-edit-realistic-v1:mixed:1048576:a2669d94455fc82d	rendered-delete-top	delete	10	2669890	181837	148461	12725	325239	3338753	1304	1932	17	17533	41	177803264
oom-edit-realistic-v1:mixed:1048576:a2669d94455fc82d	rendered-delete-top	undo	10	2721121	180664	162018	12866	356510	3433439	1467	1932	19	17533	41	177803264
oom-edit-realistic-v1:mixed:1048576:a2669d94455fc82d	rendered-delete-top	delete	11	2702494	179803	147891	12775	317132	3360305	1304	1932	17	17533	41	177803264
oom-edit-realistic-v1:mixed:1048576:a2669d94455fc82d	rendered-delete-top	undo	11	2711802	179803	164743	12595	327603	3396897	1467	1932	19	17533	41	177803264
oom-edit-realistic-v1:mixed:1048576:a2669d94455fc82d	rendered-delete-top	delete	12	2698476	172669	150866	12304	321040	3355616	1304	1932	17	17533	41	177803264
oom-edit-realistic-v1:mixed:1048576:a2669d94455fc82d	rendered-delete-top	undo	12	2736431	191195	161848	12484	336912	3439140	1467	1932	19	17533	41	177803264
oom-edit-realistic-v1:mixed:1048576:a2669d94455fc82d	rendered-delete-top	delete	13	2689028	175364	147930	12365	314788	3339715	1304	1932	17	17533	41	177803264
oom-edit-realistic-v1:mixed:1048576:a2669d94455fc82d	rendered-delete-top	undo	13	2721221	180073	165545	13186	327443	3407758	1467	1932	19	17533	41	177803264
oom-edit-realistic-v1:mixed:1048576:a2669d94455fc82d	rendered-delete-top	delete	14	2687294	232967	155996	13056	324407	3414231	1304	1932	17	17533	41	177803264
oom-edit-realistic-v1:mixed:1048576:a2669d94455fc82d	rendered-delete-top	undo	14	2722203	192678	166908	13346	333414	3428819	1467	1932	19	17533	41	177803264
oom-edit-realistic-v1:mixed:1048576:a2669d94455fc82d	rendered-delete-top	delete	15	2704558	174042	150064	12926	316601	3358421	1304	1932	17	17533	41	177803264
oom-edit-realistic-v1:mixed:1048576:a2669d94455fc82d	rendered-delete-top	undo	15	2726771	200122	166738	12865	326972	3433709	1467	1932	19	17533	41	177803264
oom-edit-realistic-v1:mixed:1048576:a2669d94455fc82d	rendered-delete-top	delete	16	2692074	172448	152610	13056	317152	3347730	1304	1932	17	17533	41	177803264
oom-edit-realistic-v1:mixed:1048576:a2669d94455fc82d	rendered-delete-top	undo	16	2795347	190263	171938	12424	323605	3493808	1467	1932	19	17533	41	177803264
oom-edit-realistic-v1:mixed:1048576:a2669d94455fc82d	rendered-delete-top	delete	17	2696002	171136	148952	12434	311180	3339915	1304	1932	17	17533	41	177803264
oom-edit-realistic-v1:mixed:1048576:a2669d94455fc82d	rendered-delete-top	undo	17	2706872	177850	166937	13417	325258	3390534	1467	1932	19	17533	41	177803264
oom-edit-realistic-v1:mixed:1048576:a2669d94455fc82d	rendered-delete-top	delete	18	2689609	169824	148301	12775	311682	3332431	1304	1932	17	17533	41	177803264
oom-edit-realistic-v1:mixed:1048576:a2669d94455fc82d	rendered-delete-top	undo	18	2732323	195544	162388	15461	331951	3437948	1467	1932	19	17533	41	177803264
oom-edit-realistic-v1:mixed:1048576:a2669d94455fc82d	rendered-delete-top	delete	19	2727584	207327	155235	12344	324347	3427247	1304	1932	17	17533	41	177803264
oom-edit-realistic-v1:mixed:1048576:a2669d94455fc82d	rendered-delete-top	undo	19	2751971	190394	167649	13506	324868	3448709	1467	1932	19	17533	41	177803264
oom-edit-realistic-v1:mixed:1048576:a2669d94455fc82d	rendered-delete-top	delete	20	2723004	179963	152269	12655	319087	3387228	1304	1932	17	17533	41	177803264
oom-edit-realistic-v1:mixed:1048576:a2669d94455fc82d	rendered-delete-top	undo	20	2718015	180334	166677	12865	321090	3399342	1467	1932	19	17533	41	177803264
oom-edit-realistic-v1:mixed:1048576:a2669d94455fc82d	rendered-delete-top	delete	21	2730409	240462	158491	13667	332683	3475992	1304	1932	17	17533	41	177803264
oom-edit-realistic-v1:mixed:1048576:a2669d94455fc82d	rendered-delete-top	undo	21	2719708	196776	171887	14419	326841	3429831	1467	1932	19	17533	41	177803264
oom-edit-realistic-v1:mixed:1048576:a2669d94455fc82d	rendered-delete-top	delete	22	2730799	182168	149784	12394	325179	3400574	1304	1932	17	17533	41	177803264
oom-edit-realistic-v1:mixed:1048576:a2669d94455fc82d	rendered-delete-top	undo	22	2721051	207888	162409	12374	324327	3428309	1467	1932	19	17533	41	177803264
oom-edit-realistic-v1:mixed:1048576:a2669d94455fc82d	rendered-delete-top	delete	23	2672616	175985	148661	12816	322673	3333002	1304	1932	17	17533	41	177803264
oom-edit-realistic-v1:mixed:1048576:a2669d94455fc82d	rendered-delete-top	undo	23	2725049	187749	163160	12625	323986	3412919	1467	1932	19	17533	41	177803264
oom-edit-realistic-v1:mixed:1048576:a2669d94455fc82d	rendered-delete-top	delete	24	2739718	222016	157619	13226	326180	3459109	1304	1932	17	17533	41	177803264
oom-edit-realistic-v1:mixed:1048576:a2669d94455fc82d	rendered-delete-top	undo	24	2753775	193570	162509	12865	330078	3453067	1467	1932	19	17533	41	177803264
oom-edit-realistic-v1:mixed:1048576:a2669d94455fc82d	rendered-delete-top	delete	25	2705410	175154	149924	12585	319146	3362409	1304	1932	17	17533	41	177803264
oom-edit-realistic-v1:mixed:1048576:a2669d94455fc82d	rendered-delete-top	undo	25	2800036	189191	162008	13106	320840	3485461	1467	1932	19	17533	41	177803264
oom-edit-realistic-v1:mixed:1048576:a2669d94455fc82d	rendered-delete-top	delete	26	2713837	174352	147319	16553	314868	3367129	1304	1932	17	17533	41	177803264
oom-edit-realistic-v1:mixed:1048576:a2669d94455fc82d	rendered-delete-top	undo	26	2725159	189522	164523	12314	319427	3411155	1467	1932	19	17533	41	177803264
oom-edit-realistic-v1:mixed:1048576:a2669d94455fc82d	rendered-delete-top	delete	27	2670963	171987	147760	12936	321902	3325748	1304	1932	17	17533	41	177803264
oom-edit-realistic-v1:mixed:1048576:a2669d94455fc82d	rendered-delete-top	undo	27	2724698	183390	162920	12564	327904	3411696	1467	1932	19	17533	41	177803264
oom-edit-realistic-v1:mixed:1048576:a2669d94455fc82d	rendered-delete-top	delete	28	2700871	171547	146448	12464	319387	3351007	1304	1932	17	17533	41	177803264
oom-edit-realistic-v1:mixed:1048576:a2669d94455fc82d	rendered-delete-top	undo	28	2725750	181396	160625	13507	325038	3406666	1467	1932	19	17533	41	177803264
oom-edit-realistic-v1:mixed:1048576:a2669d94455fc82d	rendered-delete-top	delete	29	2718476	218248	162299	13266	320960	3433589	1304	1932	17	17533	41	177803264
oom-edit-realistic-v1:mixed:1048576:a2669d94455fc82d	rendered-delete-top	undo	29	2715169	192909	166076	13867	327954	3416245	1467	1932	19	17533	41	177803264
oom-edit-realistic-v1:mixed:1048576:a2669d94455fc82d	rendered-delete-top	delete	30	2680251	173230	155675	12335	316270	3338132	1304	1932	17	17533	41	177803264
oom-edit-realistic-v1:mixed:1048576:a2669d94455fc82d	rendered-delete-top	undo	30	2737223	184171	168331	12695	322974	3425574	1467	1932	19	17533	41	177803264
oom-edit-realistic-v1:mixed:1048576:a2669d94455fc82d	rendered-delete-top	delete	31	2688016	169824	152028	12034	316441	3338603	1304	1932	17	17533	41	177803264
oom-edit-realistic-v1:mixed:1048576:a2669d94455fc82d	rendered-delete-top	undo	31	2729227	183009	163751	12134	321962	3410273	1467	1932	19	17533	41	177803264
oom-edit-realistic-v1:mixed:1048576:a2669d94455fc82d	rendered-delete-top	delete	32	2664530	167459	152659	11994	310309	3307161	1304	1932	17	17533	41	177803264
oom-edit-realistic-v1:mixed:1048576:a2669d94455fc82d	rendered-delete-top	undo	32	2724267	185745	160695	13546	329447	3413891	1467	1932	19	17533	41	177803264
oom-edit-realistic-v1:mixed:1048576:a2669d94455fc82d	rendered-delete-top	delete	33	2670992	170505	151978	12204	314127	3320106	1304	1932	17	17533	41	177803264
oom-edit-realistic-v1:mixed:1048576:a2669d94455fc82d	rendered-delete-top	undo	33	2719969	232877	169092	12815	327062	3462055	1467	1932	19	17533	41	177803264
oom-edit-realistic-v1:mixed:1048576:a2669d94455fc82d	rendered-delete-top	delete	34	2723005	196205	150575	13317	328174	3411486	1304	1932	17	17533	41	177803264
oom-edit-realistic-v1:mixed:1048576:a2669d94455fc82d	rendered-delete-top	undo	34	2741260	195444	164983	12835	361099	3475893	1467	1932	19	17533	41	177803264
oom-edit-realistic-v1:mixed:1048576:a2669d94455fc82d	rendered-delete-top	delete	35	2718065	207467	148652	12825	317182	3404452	1304	1932	17	17533	41	177803264
oom-edit-realistic-v1:mixed:1048576:a2669d94455fc82d	rendered-delete-top	undo	35	2733044	188070	164122	13346	327803	3426616	1467	1932	19	17533	41	177803264
oom-edit-realistic-v1:mixed:1048576:a2669d94455fc82d	rendered-delete-top	delete	36	2689408	229450	158291	12795	322122	3412297	1304	1932	17	17533	41	177803264
oom-edit-realistic-v1:mixed:1048576:a2669d94455fc82d	rendered-delete-top	undo	36	2732012	185614	163120	12695	338815	3432647	1467	1932	19	17533	41	177803264
oom-edit-realistic-v1:mixed:1048576:a2669d94455fc82d	rendered-delete-top	delete	37	2717213	178360	149273	13407	322232	3380685	1304	1932	17	17533	41	177803264
oom-edit-realistic-v1:mixed:1048576:a2669d94455fc82d	rendered-delete-top	undo	37	2747533	184662	162219	12655	323865	3431134	1467	1932	19	17533	41	177803264
oom-edit-realistic-v1:mixed:1048576:a2669d94455fc82d	rendered-delete-top	delete	38	2717764	174322	147269	12725	315038	3367459	1304	1932	17	17533	41	177803264
oom-edit-realistic-v1:mixed:1048576:a2669d94455fc82d	rendered-delete-top	undo	38	2749616	197658	165515	18466	322253	3453779	1467	1932	19	17533	41	177803264
oom-edit-realistic-v1:mixed:1048576:a2669d94455fc82d	rendered-delete-top	delete	39	2748936	230633	158341	12564	327763	3478718	1304	1932	17	17533	41	177803264
oom-edit-realistic-v1:mixed:1048576:a2669d94455fc82d	rendered-delete-top	undo	39	2752062	198780	167358	12856	323495	3454781	1467	1932	19	17533	41	177803264
oom-edit-realistic-v1:mixed:1048576:a2669d94455fc82d	rendered-delete-top	delete	40	2713947	183019	150596	12374	345318	3405464	1304	1932	17	17533	41	177803264
oom-edit-realistic-v1:mixed:1048576:a2669d94455fc82d	rendered-delete-top	undo	40	2717333	185033	166086	12735	318646	3400023	1467	1932	19	17533	41	177803264
oom-edit-realistic-v1:mixed:1048576:a2669d94455fc82d	rendered-delete-top	delete	41	2705370	204652	153291	12404	327974	3403931	1304	1932	17	17533	41	177803264
oom-edit-realistic-v1:mixed:1048576:a2669d94455fc82d	rendered-delete-top	undo	41	2731370	203479	171416	13196	323906	3443639	1467	1932	19	17533	41	177803264
oom-edit-realistic-v1:mixed:1048576:a2669d94455fc82d	rendered-delete-top	delete	42	2709658	180665	148381	13366	328866	3381126	1304	1932	17	17533	41	177803264
oom-edit-realistic-v1:mixed:1048576:a2669d94455fc82d	rendered-delete-top	undo	42	2731211	189041	160314	13467	320329	3414642	1467	1932	19	17533	41	177803264
oom-edit-realistic-v1:mixed:1048576:a2669d94455fc82d	rendered-delete-top	delete	43	2700660	178150	147399	12404	324747	3363621	1304	1932	17	17533	41	177803264
oom-edit-realistic-v1:mixed:1048576:a2669d94455fc82d	rendered-delete-top	undo	43	2731281	198800	164823	14919	324286	3434280	1467	1932	19	17533	41	177803264
oom-edit-realistic-v1:mixed:1048576:a2669d94455fc82d	rendered-delete-top	delete	44	2729167	180173	152148	12324	323916	3397909	1304	1932	17	17533	41	177803264
oom-edit-realistic-v1:mixed:1048576:a2669d94455fc82d	rendered-delete-top	undo	44	2732493	188059	162259	13887	324177	3421085	1467	1932	19	17533	41	177803264
oom-edit-realistic-v1:mixed:1048576:a2669d94455fc82d	rendered-delete-top	delete	45	2672395	172308	150195	13807	362001	3371017	1304	1932	17	17533	41	177803264
oom-edit-realistic-v1:mixed:1048576:a2669d94455fc82d	rendered-delete-top	undo	45	2715610	182078	164442	13367	324156	3399833	1467	1932	19	17533	41	177803264
oom-edit-realistic-v1:mixed:1048576:a2669d94455fc82d	rendered-delete-top	delete	46	2701823	171116	148872	11884	326110	3360045	1304	1932	17	17533	41	177803264
oom-edit-realistic-v1:mixed:1048576:a2669d94455fc82d	rendered-delete-top	undo	46	2722814	181156	162589	13015	321071	3400865	1467	1932	19	17533	41	177803264
oom-edit-realistic-v1:mixed:1048576:a2669d94455fc82d	rendered-delete-top	delete	47	2704448	171847	149544	12765	320980	3359824	1304	1932	17	17533	41	177803264
oom-edit-realistic-v1:mixed:1048576:a2669d94455fc82d	rendered-delete-top	undo	47	2723396	196606	162839	12345	320689	3416085	1467	1932	19	17533	41	177803264
oom-edit-realistic-v1:mixed:1048576:a2669d94455fc82d	rendered-delete-top	delete	48	2714497	177138	149644	13086	323164	3377739	1304	1932	17	17533	41	177803264
oom-edit-realistic-v1:mixed:1048576:a2669d94455fc82d	rendered-delete-top	undo	48	2753625	238839	168681	12695	333805	3507955	1467	1932	19	17533	41	177803264
oom-edit-realistic-v1:mixed:1048576:a2669d94455fc82d	rendered-delete-top	delete	49	2741721	186416	156197	11923	324577	3421084	1304	1932	17	17533	41	177803264
oom-edit-realistic-v1:mixed:1048576:a2669d94455fc82d	rendered-delete-top	undo	49	2748143	201516	163691	12114	327583	3453277	1467	1932	19	17533	41	177803264
oom-edit-realistic-v1:mixed:1048576:a2669d94455fc82d	rendered-delete-top	delete	50	2731100	188811	157098	12845	317152	3407227	1304	1932	17	17533	41	177803264
oom-edit-realistic-v1:mixed:1048576:a2669d94455fc82d	rendered-delete-top	undo	50	2754787	198379	164633	13146	337723	3468898	1467	1932	19	17533	41	177803264
oom-edit-realistic-v1:mixed:1048576:a2669d94455fc82d	rendered-delete-top	delete	51	2746450	201796	153782	12685	324236	3439240	1304	1932	17	17533	41	177803264
oom-edit-realistic-v1:mixed:1048576:a2669d94455fc82d	rendered-delete-top	undo	51	2765878	201766	164272	13136	336981	3482234	1467	1932	19	17533	41	177803264
oom-edit-realistic-v1:mixed:1048576:a2669d94455fc82d	rendered-delete-top	delete	52	2704188	176707	147509	12385	312994	3354023	1304	1932	17	17533	41	177803264
oom-edit-realistic-v1:mixed:1048576:a2669d94455fc82d	rendered-delete-top	undo	52	2744226	184512	163391	12765	330789	3435884	1467	1932	19	17533	41	177803264
oom-edit-realistic-v1:mixed:1048576:a2669d94455fc82d	rendered-delete-top	delete	53	2665812	183821	148612	13556	317664	3329715	1304	1932	17	17533	41	177803264
oom-edit-realistic-v1:mixed:1048576:a2669d94455fc82d	rendered-delete-top	undo	53	2746420	227677	163200	12845	337162	3487595	1467	1932	19	17533	41	177803264
oom-edit-realistic-v1:mixed:1048576:a2669d94455fc82d	rendered-delete-top	delete	54	2711321	185073	152940	12825	320920	3383311	1304	1932	17	17533	41	177803264
oom-edit-realistic-v1:mixed:1048576:a2669d94455fc82d	rendered-delete-top	undo	54	2762913	195283	167007	15441	330088	3470923	1467	1932	19	17533	41	177803264
oom-edit-realistic-v1:mixed:1048576:a2669d94455fc82d	rendered-delete-top	delete	55	2747483	174933	149885	12735	319797	3405053	1304	1932	17	17533	41	177803264
oom-edit-realistic-v1:mixed:1048576:a2669d94455fc82d	rendered-delete-top	undo	55	2734638	180013	177248	13116	321481	3426766	1467	1932	19	17533	41	177803264
oom-edit-realistic-v1:mixed:1048576:a2669d94455fc82d	rendered-delete-top	delete	56	2706432	172218	149533	12184	314417	3355075	1304	1932	17	17533	41	177803264
oom-edit-realistic-v1:mixed:1048576:a2669d94455fc82d	rendered-delete-top	undo	56	2734848	179683	169132	13657	327112	3424642	1467	1932	19	17533	41	177803264
oom-edit-realistic-v1:mixed:1048576:a2669d94455fc82d	rendered-delete-top	delete	57	2697183	173390	148802	12695	314377	3346648	1304	1932	17	17533	41	177803264
oom-edit-realistic-v1:mixed:1048576:a2669d94455fc82d	rendered-delete-top	undo	57	2721872	179593	166316	18416	323846	3410263	1467	1932	19	17533	41	177803264
oom-edit-realistic-v1:mixed:1048576:a2669d94455fc82d	rendered-delete-top	delete	58	2704187	177389	149002	14088	322292	3367158	1304	1932	17	17533	41	177803264
oom-edit-realistic-v1:mixed:1048576:a2669d94455fc82d	rendered-delete-top	undo	58	2733685	225533	174432	12325	323976	3470191	1467	1932	19	17533	41	177803264
oom-edit-realistic-v1:mixed:1048576:a2669d94455fc82d	rendered-delete-top	delete	59	2714929	184853	148130	13105	320259	3381537	1304	1932	17	17533	41	177803264
oom-edit-realistic-v1:mixed:1048576:a2669d94455fc82d	rendered-delete-top	undo	59	2735018	184392	175064	12875	327573	3435142	1467	1932	19	17533	41	177803264
oom-edit-realistic-v1:mixed:1048576:a2669d94455fc82d	rendered-delete-top	delete	60	2723585	174022	147890	12444	318385	3376527	1304	1932	17	17533	41	177803264
oom-edit-realistic-v1:mixed:1048576:a2669d94455fc82d	rendered-delete-top	undo	60	2719828	185655	174392	12164	327823	3420093	1467	1932	19	17533	41	177803264
oom-edit-realistic-v1:mixed:1048576:a2669d94455fc82d	rendered-delete-top	delete	61	2695841	177718	149203	12815	313596	3349374	1304	1932	17	17533	41	177803264
oom-edit-realistic-v1:mixed:1048576:a2669d94455fc82d	rendered-delete-top	undo	61	2706973	177709	166005	12083	321181	3384222	1467	1932	19	17533	41	177803264
oom-edit-realistic-v1:mixed:1048576:a2669d94455fc82d	rendered-delete-top	delete	62	2720640	179202	147259	12454	317073	3376808	1304	1932	17	17533	41	177803264
oom-edit-realistic-v1:mixed:1048576:a2669d94455fc82d	rendered-delete-top	undo	62	2765488	179142	167639	12966	319326	3444902	1467	1932	19	17533	41	177803264
oom-edit-realistic-v1:mixed:1048576:a2669d94455fc82d	rendered-delete-top	delete	63	2731471	213960	155345	13847	339837	3454810	1304	1932	17	17533	41	177803264
oom-edit-realistic-v1:mixed:1048576:a2669d94455fc82d	rendered-delete-top	undo	63	2752332	221615	165996	12855	325348	3478317	1467	1932	19	17533	41	177803264
oom-edit-realistic-v1:mixed:1048576:a2669d94455fc82d	rendered-delete-top	delete	64	2730709	183180	149674	12845	332182	3408830	1304	1932	17	17533	41	177803264
oom-edit-realistic-v1:mixed:1048576:a2669d94455fc82d	rendered-delete-top	undo	64	2768904	194191	165645	13086	323235	3465271	1467	1932	19	17533	41	177803264
oom-edit-realistic-v1:mixed:1048576:a2669d94455fc82d	rendered-delete-top	delete	65	2703616	170635	146357	12664	326842	3360385	1304	1932	17	17533	41	177803264
oom-edit-realistic-v1:mixed:1048576:a2669d94455fc82d	rendered-delete-top	undo	65	2746751	239991	166467	12193	327853	3493507	1467	1932	19	17533	41	177803264
oom-edit-realistic-v1:mixed:1048576:a2669d94455fc82d	rendered-delete-top	delete	66	2734016	183941	150084	19488	322964	3410714	1304	1932	17	17533	41	177803264
oom-edit-realistic-v1:mixed:1048576:a2669d94455fc82d	rendered-delete-top	undo	66	2768484	196696	164784	13065	323806	3467055	1467	1932	19	17533	41	177803264
oom-edit-realistic-v1:mixed:1048576:a2669d94455fc82d	rendered-delete-top	delete	67	2721582	179833	159262	12826	324677	3398380	1304	1932	17	17533	41	177803264
oom-edit-realistic-v1:mixed:1048576:a2669d94455fc82d	rendered-delete-top	undo	67	2734677	187198	163631	13296	320980	3420002	1467	1932	19	17533	41	177803264
oom-edit-realistic-v1:mixed:1048576:a2669d94455fc82d	rendered-delete-top	delete	68	2685530	193911	157339	13346	320118	3370496	1304	1932	17	17533	41	177803264
oom-edit-realistic-v1:mixed:1048576:a2669d94455fc82d	rendered-delete-top	undo	68	2760719	212366	167017	12846	332512	3485771	1467	1932	19	17533	41	177803264
oom-edit-realistic-v1:mixed:1048576:a2669d94455fc82d	rendered-delete-top	delete	69	2722203	187889	150876	12394	319297	3392869	1304	1932	17	17533	41	177803264
oom-edit-realistic-v1:mixed:1048576:a2669d94455fc82d	rendered-delete-top	undo	69	2816879	185704	162940	12725	329928	3508416	1467	1932	19	17533	41	177803264
oom-edit-realistic-v1:mixed:1048576:a2669d94455fc82d	rendered-delete-top	delete	70	2714618	179433	147930	11923	318395	3372580	1304	1932	17	17533	41	177803264
oom-edit-realistic-v1:mixed:1048576:a2669d94455fc82d	rendered-delete-top	undo	70	2719748	180675	162198	12294	332031	3407227	1467	1932	19	17533	41	177803264
oom-edit-realistic-v1:mixed:1048576:a2669d94455fc82d	rendered-delete-top	delete	71	2726221	183069	147249	13196	320559	3390524	1304	1932	17	17533	41	177803264
oom-edit-realistic-v1:mixed:1048576:a2669d94455fc82d	rendered-delete-top	undo	71	2727864	181476	160666	12755	334787	3417878	1467	1932	19	17533	41	177803264
oom-edit-realistic-v1:mixed:1048576:a2669d94455fc82d	rendered-delete-top	delete	72	2699399	178149	147931	12805	320709	3359243	1304	1932	17	17533	41	177803264
oom-edit-realistic-v1:mixed:1048576:a2669d94455fc82d	rendered-delete-top	undo	72	2732193	198309	162729	11904	333775	3439190	1467	1932	19	17533	41	177803264
oom-edit-realistic-v1:mixed:1048576:a2669d94455fc82d	rendered-delete-top	delete	73	2702975	180915	152149	16172	316251	3368742	1304	1932	17	17533	41	177803264
oom-edit-realistic-v1:mixed:1048576:a2669d94455fc82d	rendered-delete-top	undo	73	2810396	193310	170485	14117	326391	3514989	1467	1932	19	17533	41	177803264
oom-edit-realistic-v1:mixed:1048576:a2669d94455fc82d	rendered-delete-top	delete	74	2692134	184682	150736	13266	317934	3359012	1304	1932	17	17533	41	177803264
oom-edit-realistic-v1:mixed:1048576:a2669d94455fc82d	rendered-delete-top	undo	74	2749847	186556	170324	12294	320640	3439902	1467	1932	19	17533	41	177803264
oom-edit-realistic-v1:mixed:1048576:a2669d94455fc82d	rendered-delete-top	delete	75	2744316	175144	147389	12154	314898	3394121	1304	1932	17	17533	41	177803264
oom-edit-realistic-v1:mixed:1048576:a2669d94455fc82d	rendered-delete-top	undo	75	2717082	180364	166757	13116	320589	3398180	1467	1932	19	17533	41	177803264
oom-edit-realistic-v1:mixed:1048576:a2669d94455fc82d	rendered-delete-top	delete	76	2689208	173591	147339	13958	314246	3338522	1304	1932	17	17533	41	177803264
oom-edit-realistic-v1:mixed:1048576:a2669d94455fc82d	rendered-delete-top	undo	76	2768284	181486	171056	12344	324507	3457917	1467	1932	19	17533	41	177803264
oom-edit-realistic-v1:mixed:1048576:a2669d94455fc82d	rendered-delete-top	delete	77	2718876	182328	146358	12965	316301	3377008	1304	1932	17	17533	41	177803264
oom-edit-realistic-v1:mixed:1048576:a2669d94455fc82d	rendered-delete-top	undo	77	2701633	182448	166587	13026	322493	3386427	1467	1932	19	17533	41	177803264
oom-edit-realistic-v1:mixed:1048576:a2669d94455fc82d	rendered-delete-top	delete	78	2723034	231755	158732	13576	334666	3462115	1304	1932	17	17533	41	177803264
oom-edit-realistic-v1:mixed:1048576:a2669d94455fc82d	rendered-delete-top	undo	78	2749697	206606	165595	13136	329887	3465231	1467	1932	19	17533	41	177803264
oom-edit-realistic-v1:mixed:1048576:a2669d94455fc82d	rendered-delete-top	delete	79	2693416	180986	150435	12785	328344	3366207	1304	1932	17	17533	41	177803264
oom-edit-realistic-v1:mixed:1048576:a2669d94455fc82d	rendered-delete-top	undo	79	2721261	192518	163811	12455	321350	3411585	1467	1932	19	17533	41	177803264
oom-edit-realistic-v1:mixed:1048576:a2669d94455fc82d	rendered-delete-top	delete	80	2704849	176386	147560	12655	322212	3364032	1304	1932	17	17533	41	177803264
oom-edit-realistic-v1:mixed:1048576:a2669d94455fc82d	rendered-delete-top	undo	80	2764246	244229	170826	12464	324417	3516462	1467	1932	19	17533	41	177803264
oom-edit-realistic-v1:mixed:1048576:a2669d94455fc82d	rendered-delete-top	delete	81	2722613	187088	148401	12505	323003	3393881	1304	1932	17	17533	41	177803264
oom-edit-realistic-v1:mixed:1048576:a2669d94455fc82d	rendered-delete-top	undo	81	2710821	195454	167138	12955	317022	3403640	1467	1932	19	17533	41	177803264
oom-edit-realistic-v1:mixed:1048576:a2669d94455fc82d	rendered-delete-top	delete	82	2743976	185023	152159	15991	329417	3426826	1304	1932	17	17533	41	177803264
oom-edit-realistic-v1:mixed:1048576:a2669d94455fc82d	rendered-delete-top	undo	82	2738164	191706	165053	13065	323154	3431425	1467	1932	19	17533	41	177803264
oom-edit-realistic-v1:mixed:1048576:a2669d94455fc82d	rendered-delete-top	delete	83	2738635	225783	167539	12395	322643	3467235	1304	1932	17	17533	41	177803264
oom-edit-realistic-v1:mixed:1048576:a2669d94455fc82d	rendered-delete-top	undo	83	2765618	214221	166697	12044	334827	3493637	1467	1932	19	17533	41	177803264
oom-edit-realistic-v1:mixed:1048576:a2669d94455fc82d	rendered-delete-top	delete	84	2689709	195664	152730	13547	318615	3370555	1304	1932	17	17533	41	177803264
oom-edit-realistic-v1:mixed:1048576:a2669d94455fc82d	rendered-delete-top	undo	84	2757913	203529	164012	13106	338555	3477365	1467	1932	19	17533	41	177803264
oom-edit-realistic-v1:mixed:1048576:a2669d94455fc82d	rendered-delete-top	delete	85	2705390	189723	153591	13517	319637	3382098	1304	1932	17	17533	41	177803264
oom-edit-realistic-v1:mixed:1048576:a2669d94455fc82d	rendered-delete-top	undo	85	2747572	184822	160866	13056	332492	3439079	1467	1932	19	17533	41	177803264
oom-edit-realistic-v1:mixed:1048576:a2669d94455fc82d	rendered-delete-top	delete	86	2671303	172719	147199	13556	320228	3325667	1304	1932	17	17533	41	177803264
oom-edit-realistic-v1:mixed:1048576:a2669d94455fc82d	rendered-delete-top	undo	86	2743084	185183	165044	12805	328796	3435163	1467	1932	19	17533	41	177803264
oom-edit-realistic-v1:mixed:1048576:a2669d94455fc82d	rendered-delete-top	delete	87	2698276	172679	152138	13056	316892	3353341	1304	1932	17	17533	41	177803264
oom-edit-realistic-v1:mixed:1048576:a2669d94455fc82d	rendered-delete-top	undo	87	2735499	186225	166146	13256	326040	3427497	1467	1932	19	17533	41	177803264
oom-edit-realistic-v1:mixed:1048576:a2669d94455fc82d	rendered-delete-top	delete	88	2730319	229621	161938	12404	319076	3453828	1304	1932	17	17533	41	177803264
oom-edit-realistic-v1:mixed:1048576:a2669d94455fc82d	rendered-delete-top	undo	88	2751981	193911	172448	13857	323165	3455693	1467	1932	19	17533	41	177803264
oom-edit-realistic-v1:mixed:1048576:a2669d94455fc82d	rendered-delete-top	delete	89	2703607	198129	154403	13526	322784	3392669	1304	1932	17	17533	41	177803264
oom-edit-realistic-v1:mixed:1048576:a2669d94455fc82d	rendered-delete-top	undo	89	2752422	200013	165134	13056	324637	3455552	1467	1932	19	17533	41	177803264
oom-edit-realistic-v1:mixed:1048576:a2669d94455fc82d	rendered-delete-top	delete	90	2697044	171526	147249	11854	315870	3343753	1304	1932	17	17533	41	177803264
oom-edit-realistic-v1:mixed:1048576:a2669d94455fc82d	rendered-delete-top	undo	90	2719969	182598	168892	12404	327633	3411796	1467	1932	19	17533	41	177803264
oom-edit-realistic-v1:mixed:1048576:a2669d94455fc82d	rendered-delete-top	delete	91	2741360	175425	148962	12996	323695	3402638	1304	1932	17	17533	41	177803264
oom-edit-realistic-v1:mixed:1048576:a2669d94455fc82d	rendered-delete-top	undo	91	2719577	189282	162679	12585	330909	3415233	1467	1932	19	17533	41	177803264
oom-edit-realistic-v1:mixed:1048576:a2669d94455fc82d	rendered-delete-top	delete	92	2694639	177038	145666	12514	319938	3349955	1304	1932	17	17533	41	177803264
oom-edit-realistic-v1:mixed:1048576:a2669d94455fc82d	rendered-delete-top	undo	92	2721251	250231	176817	13667	335869	3498396	1467	1932	19	17533	41	177803264
oom-edit-realistic-v1:mixed:1048576:a2669d94455fc82d	rendered-delete-top	delete	93	2754666	199422	151667	12674	333896	3452556	1304	1932	17	17533	41	177803264
oom-edit-realistic-v1:mixed:1048576:a2669d94455fc82d	rendered-delete-top	undo	93	2739516	190214	163100	13066	325308	3431485	1467	1932	19	17533	41	177803264
oom-edit-realistic-v1:mixed:1048576:a2669d94455fc82d	rendered-delete-top	delete	94	2716181	180674	147740	13146	346901	3405143	1304	1932	17	17533	41	177803264
oom-edit-realistic-v1:mixed:1048576:a2669d94455fc82d	rendered-delete-top	undo	94	2690050	184301	161927	12946	319788	3369223	1467	1932	19	17533	41	177803264
oom-edit-realistic-v1:mixed:1048576:a2669d94455fc82d	rendered-delete-top	delete	95	2733635	255251	165745	21021	325498	3501702	1304	1932	17	17533	41	177803264
oom-edit-realistic-v1:mixed:1048576:a2669d94455fc82d	rendered-delete-top	undo	95	2742473	201676	165384	13737	334116	3457726	1467	1932	19	17533	41	177803264
oom-edit-realistic-v1:mixed:1048576:a2669d94455fc82d	rendered-delete-top	delete	96	2687164	175855	150846	12705	319217	3345997	1304	1932	17	17533	41	177803264
oom-edit-realistic-v1:mixed:1048576:a2669d94455fc82d	rendered-delete-top	undo	96	2737824	186686	161738	12424	315038	3414000	1467	1932	19	17533	41	177803264
oom-edit-realistic-v1:mixed:1048576:a2669d94455fc82d	rendered-delete-top	delete	97	2683627	171447	153391	12344	314407	3335487	1304	1932	17	17533	41	177803264
oom-edit-realistic-v1:mixed:1048576:a2669d94455fc82d	rendered-delete-top	undo	97	2733835	199471	166357	14488	326461	3440893	1467	1932	19	17533	41	177803264
oom-edit-realistic-v1:mixed:1048576:a2669d94455fc82d	rendered-delete-top	delete	98	2736371	255070	159614	12825	318415	3482796	1304	1932	17	17533	41	177803264
oom-edit-realistic-v1:mixed:1048576:a2669d94455fc82d	rendered-delete-top	undo	98	2708145	197327	162539	13587	340107	3421947	1467	1932	19	17533	41	177803264
oom-edit-realistic-v1:mixed:1048576:a2669d94455fc82d	rendered-delete-top	delete	99	2717103	197528	149614	13336	320379	3398180	1304	1932	17	17533	41	177803264
oom-edit-realistic-v1:mixed:1048576:a2669d94455fc82d	rendered-delete-top	undo	99	2769325	185695	165986	12935	334146	3468287	1467	1932	19	17533	41	177803264
oom-edit-realistic-v1:mixed:1048576:a2669d94455fc82d	rendered-delete-mid	delete	0	2630052	231735	160806	11001	310129	3344173	1304	1932	17	17533	41	177803264
oom-edit-realistic-v1:mixed:1048576:a2669d94455fc82d	rendered-delete-mid	undo	0	2669279	171857	163441	7635	312634	3325036	1467	1932	19	17533	41	177803264
oom-edit-realistic-v1:mixed:1048576:a2669d94455fc82d	rendered-delete-mid	delete	1	2646895	157670	153751	7384	310860	3276761	1304	1932	17	17533	41	177803264
oom-edit-realistic-v1:mixed:1048576:a2669d94455fc82d	rendered-delete-mid	undo	1	2686843	170355	164423	6823	308997	3337671	1467	1932	19	17533	41	177803264
oom-edit-realistic-v1:mixed:1048576:a2669d94455fc82d	rendered-delete-mid	delete	2	2687816	250652	172569	7384	327563	3446474	1304	1932	17	17533	41	177803264
oom-edit-realistic-v1:mixed:1048576:a2669d94455fc82d	rendered-delete-mid	undo	2	2698006	175635	166757	7014	314648	3362440	1467	1932	19	17533	41	177803264
oom-edit-realistic-v1:mixed:1048576:a2669d94455fc82d	rendered-delete-mid	delete	3	2656574	163331	151127	6583	311761	3289627	1304	1932	17	17533	41	177803264
oom-edit-realistic-v1:mixed:1048576:a2669d94455fc82d	rendered-delete-mid	undo	3	2673707	175244	168030	6453	308014	3331989	1467	1932	19	17533	41	177803264
oom-edit-realistic-v1:mixed:1048576:a2669d94455fc82d	rendered-delete-mid	delete	4	2643418	156948	151196	6923	301853	3260710	1304	1932	17	17533	41	177803264
oom-edit-realistic-v1:mixed:1048576:a2669d94455fc82d	rendered-delete-mid	undo	4	2670301	167939	173852	7034	310349	3329745	1467	1932	19	17533	41	177803264
oom-edit-realistic-v1:mixed:1048576:a2669d94455fc82d	rendered-delete-mid	delete	5	2640182	159884	151998	6192	312494	3270960	1304	1932	17	17533	41	177803264
oom-edit-realistic-v1:mixed:1048576:a2669d94455fc82d	rendered-delete-mid	undo	5	2665231	166406	172268	6012	316652	3326800	1467	1932	19	17533	41	177803264
oom-edit-realistic-v1:mixed:1048576:a2669d94455fc82d	rendered-delete-mid	delete	6	2636053	165374	149534	6573	298997	3256752	1304	1932	17	17533	41	177803264
oom-edit-realistic-v1:mixed:1048576:a2669d94455fc82d	rendered-delete-mid	undo	6	2674990	169142	165484	6993	302755	3319646	1467	1932	19	17533	41	177803264
oom-edit-realistic-v1:mixed:1048576:a2669d94455fc82d	rendered-delete-mid	delete	7	2698577	188360	170725	8196	312934	3379162	1304	1932	17	17533	41	177803264
oom-edit-realistic-v1:mixed:1048576:a2669d94455fc82d	rendered-delete-mid	undo	7	2699147	184653	168441	6733	318675	3378171	1467	1932	19	17533	41	177803264
oom-edit-realistic-v1:mixed:1048576:a2669d94455fc82d	rendered-delete-mid	delete	8	2882618	182267	154503	7685	306512	3533926	1304	1932	17	17533	41	177803264
oom-edit-realistic-v1:mixed:1048576:a2669d94455fc82d	rendered-delete-mid	undo	8	2982874	189422	170675	6463	307854	3657558	1467	1932	19	17533	41	177803264
oom-edit-realistic-v1:mixed:1048576:a2669d94455fc82d	rendered-delete-mid	delete	9	2671363	193700	167859	13917	322012	3369092	1304	1932	17	17533	41	177803264
oom-edit-realistic-v1:mixed:1048576:a2669d94455fc82d	rendered-delete-mid	undo	9	2717504	186185	178521	7745	315810	3406035	1467	1932	19	17533	41	177803264
oom-edit-realistic-v1:mixed:1048576:a2669d94455fc82d	rendered-delete-mid	delete	10	2670671	175144	154744	6833	310400	3318143	1304	1932	17	17533	41	177803264
oom-edit-realistic-v1:mixed:1048576:a2669d94455fc82d	rendered-delete-mid	undo	10	2690761	181777	164713	6543	335328	3379322	1467	1932	19	17533	41	177803264
oom-edit-realistic-v1:mixed:1048576:a2669d94455fc82d	rendered-delete-mid	delete	11	2683226	167249	150595	7245	311220	3319715	1304	1932	17	17533	41	177803264
oom-edit-realistic-v1:mixed:1048576:a2669d94455fc82d	rendered-delete-mid	undo	11	2695030	181266	167428	5972	317323	3367339	1467	1932	19	17533	41	177803264
oom-edit-realistic-v1:mixed:1048576:a2669d94455fc82d	rendered-delete-mid	delete	12	2747593	270812	177168	8456	340609	3544978	1304	1932	17	17533	41	177803264
oom-edit-realistic-v1:mixed:1048576:a2669d94455fc82d	rendered-delete-mid	undo	12	2770638	263126	192037	7746	329607	3563464	1467	1932	19	17533	41	177803264
oom-edit-realistic-v1:mixed:1048576:a2669d94455fc82d	rendered-delete-mid	delete	13	2725258	226094	168080	8116	327814	3455573	1304	1932	17	17533	41	177803264
oom-edit-realistic-v1:mixed:1048576:a2669d94455fc82d	rendered-delete-mid	undo	13	2703195	193680	168290	7184	311762	3384452	1467	1932	19	17533	41	177803264
oom-edit-realistic-v1:mixed:1048576:a2669d94455fc82d	rendered-delete-mid	delete	14	2663047	165675	161768	7344	311902	3309926	1304	1932	17	17533	41	177803264
oom-edit-realistic-v1:mixed:1048576:a2669d94455fc82d	rendered-delete-mid	undo	14	2683136	177118	175905	6924	311792	3355216	1467	1932	19	17533	41	177803264
oom-edit-realistic-v1:mixed:1048576:a2669d94455fc82d	rendered-delete-mid	delete	15	2667997	165074	154032	6934	303937	3298224	1304	1932	17	17533	41	177803264
oom-edit-realistic-v1:mixed:1048576:a2669d94455fc82d	rendered-delete-mid	undo	15	2692534	173280	165485	12024	316521	3360095	1467	1932	19	17533	41	177803264
oom-edit-realistic-v1:mixed:1048576:a2669d94455fc82d	rendered-delete-mid	delete	16	2667155	166857	154664	7515	304988	3301420	1304	1932	17	17533	41	177803264
oom-edit-realistic-v1:mixed:1048576:a2669d94455fc82d	rendered-delete-mid	undo	16	2691562	177629	166346	7144	323865	3366748	1467	1932	19	17533	41	177803264
oom-edit-realistic-v1:mixed:1048576:a2669d94455fc82d	rendered-delete-mid	delete	17	2711371	241264	168851	8136	318916	3448828	1304	1932	17	17533	41	177803264
oom-edit-realistic-v1:mixed:1048576:a2669d94455fc82d	rendered-delete-mid	undo	17	2703276	189702	170796	7414	321351	3392779	1467	1932	19	17533	41	177803264
oom-edit-realistic-v1:mixed:1048576:a2669d94455fc82d	rendered-delete-mid	delete	18	2666824	173341	156427	6823	310640	3314335	1304	1932	17	17533	41	177803264
oom-edit-realistic-v1:mixed:1048576:a2669d94455fc82d	rendered-delete-mid	undo	18	2715881	177498	165655	7265	316371	3383010	1467	1932	19	17533	41	177803264
oom-edit-realistic-v1:mixed:1048576:a2669d94455fc82d	rendered-delete-mid	delete	19	2639029	159654	150275	7354	307343	3263946	1304	1932	17	17533	41	177803264
oom-edit-realistic-v1:mixed:1048576:a2669d94455fc82d	rendered-delete-mid	undo	19	2668598	167048	163160	6172	311932	3317120	1467	1932	19	17533	41	177803264
oom-edit-realistic-v1:mixed:1048576:a2669d94455fc82d	rendered-delete-mid	delete	20	2676303	158962	190674	7425	307122	3340687	1304	1932	17	17533	41	177803264
oom-edit-realistic-v1:mixed:1048576:a2669d94455fc82d	rendered-delete-mid	undo	20	2688426	168000	165415	6553	306271	3334986	1467	1932	19	17533	41	177803264
oom-edit-realistic-v1:mixed:1048576:a2669d94455fc82d	rendered-delete-mid	delete	21	2648719	159072	153090	7244	304177	3272653	1304	1932	17	17533	41	177803264
oom-edit-realistic-v1:mixed:1048576:a2669d94455fc82d	rendered-delete-mid	undo	21	2686552	244229	174403	7655	316701	3430032	1467	1932	19	17533	41	177803264
oom-edit-realistic-v1:mixed:1048576:a2669d94455fc82d	rendered-delete-mid	delete	22	2689638	186165	160445	7475	320198	3364253	1304	1932	17	17533	41	177803264
oom-edit-realistic-v1:mixed:1048576:a2669d94455fc82d	rendered-delete-mid	undo	22	2690971	174873	165184	6823	311863	3350015	1467	1932	19	17533	41	177803264
oom-edit-realistic-v1:mixed:1048576:a2669d94455fc82d	rendered-delete-mid	delete	23	2689990	169533	153371	7054	312633	3332802	1304	1932	17	17533	41	177803264
oom-edit-realistic-v1:mixed:1048576:a2669d94455fc82d	rendered-delete-mid	undo	23	2656824	174072	165725	6984	306451	3310227	1467	1932	19	17533	41	177803264
oom-edit-realistic-v1:mixed:1048576:a2669d94455fc82d	rendered-delete-mid	delete	24	2653808	232215	175615	8958	327232	3398109	1304	1932	17	17533	41	177803264
oom-edit-realistic-v1:mixed:1048576:a2669d94455fc82d	rendered-delete-mid	undo	24	2711402	202497	167929	6994	311792	3400975	1467	1932	19	17533	41	177803264
oom-edit-realistic-v1:mixed:1048576:a2669d94455fc82d	rendered-delete-mid	delete	25	2669409	171477	154663	7395	326491	3329725	1304	1932	17	17533	41	177803264
oom-edit-realistic-v1:mixed:1048576:a2669d94455fc82d	rendered-delete-mid	undo	25	2655532	204772	168981	6563	316732	3352931	1467	1932	19	17533	41	177803264
oom-edit-realistic-v1:mixed:1048576:a2669d94455fc82d	rendered-delete-mid	delete	26	2678858	169653	154403	6864	312333	3322471	1304	1932	17	17533	41	177803264
oom-edit-realistic-v1:mixed:1048576:a2669d94455fc82d	rendered-delete-mid	undo	26	2706352	182889	174042	7234	312233	3383100	1467	1932	19	17533	41	177803264
oom-edit-realistic-v1:mixed:1048576:a2669d94455fc82d	rendered-delete-mid	delete	27	2705239	234119	166858	7575	322944	3437066	1304	1932	17	17533	41	177803264
oom-edit-realistic-v1:mixed:1048576:a2669d94455fc82d	rendered-delete-mid	undo	27	2689959	177589	178520	6082	310670	3363061	1467	1932	19	17533	41	177803264
oom-edit-realistic-v1:mixed:1048576:a2669d94455fc82d	rendered-delete-mid	delete	28	2673197	161116	152610	7174	304477	3298795	1304	1932	17	17533	41	177803264
oom-edit-realistic-v1:mixed:1048576:a2669d94455fc82d	rendered-delete-mid	undo	28	2682114	169081	170926	6603	308686	3337651	1467	1932	19	17533	41	177803264
oom-edit-realistic-v1:mixed:1048576:a2669d94455fc82d	rendered-delete-mid	delete	29	2646835	155676	150806	6823	308445	3268806	1304	1932	17	17533	41	177803264
oom-edit-realistic-v1:mixed:1048576:a2669d94455fc82d	rendered-delete-mid	undo	29	2711842	181657	166206	6343	317914	3384262	1467	1932	19	17533	41	177803264
oom-edit-realistic-v1:mixed:1048576:a2669d94455fc82d	rendered-delete-mid	delete	30	2654950	166857	152660	6913	303496	3285178	1304	1932	17	17533	41	177803264
oom-edit-realistic-v1:mixed:1048576:a2669d94455fc82d	rendered-delete-mid	undo	30	2670100	164132	164804	6793	311792	3317831	1467	1932	19	17533	41	177803264
oom-edit-realistic-v1:mixed:1048576:a2669d94455fc82d	rendered-delete-mid	delete	31	2627617	155486	155846	6573	307824	3253536	1304	1932	17	17533	41	177803264
oom-edit-realistic-v1:mixed:1048576:a2669d94455fc82d	rendered-delete-mid	undo	31	2693787	171977	165945	6804	307503	3346307	1467	1932	19	17533	41	177803264
oom-edit-realistic-v1:mixed:1048576:a2669d94455fc82d	rendered-delete-mid	delete	32	2716301	215984	169953	7415	314698	3424982	1304	1932	17	17533	41	177803264
oom-edit-realistic-v1:mixed:1048576:a2669d94455fc82d	rendered-delete-mid	undo	32	2688657	184582	167869	6633	309758	3357790	1467	1932	19	17533	41	177803264
oom-edit-realistic-v1:mixed:1048576:a2669d94455fc82d	rendered-delete-mid	delete	33	2646154	157459	152018	6633	307744	3270298	1304	1932	17	17533	41	177803264
oom-edit-realistic-v1:mixed:1048576:a2669d94455fc82d	rendered-delete-mid	undo	33	2674659	171697	165444	6422	306812	3325366	1467	1932	19	17533	41	177803264
oom-edit-realistic-v1:mixed:1048576:a2669d94455fc82d	rendered-delete-mid	delete	34	2654830	157439	151587	6994	310600	3281691	1304	1932	17	17533	41	177803264
oom-edit-realistic-v1:mixed:1048576:a2669d94455fc82d	rendered-delete-mid	undo	34	2694568	174692	168902	6042	306191	3350636	1467	1932	19	17533	41	177803264
oom-edit-realistic-v1:mixed:1048576:a2669d94455fc82d	rendered-delete-mid	delete	35	2640973	161147	151928	6463	306141	3266882	1304	1932	17	17533	41	177803264
oom-edit-realistic-v1:mixed:1048576:a2669d94455fc82d	rendered-delete-mid	undo	35	2672776	168961	163881	6132	322263	3334324	1467	1932	19	17533	41	177803264
oom-edit-realistic-v1:mixed:1048576:a2669d94455fc82d	rendered-delete-mid	delete	36	2646845	162870	153351	6653	302243	3272443	1304	1932	17	17533	41	177803264
oom-edit-realistic-v1:mixed:1048576:a2669d94455fc82d	rendered-delete-mid	undo	36	2710640	256172	174081	7325	329507	3478167	1467	1932	19	17533	41	177803264
oom-edit-realistic-v1:mixed:1048576:a2669d94455fc82d	rendered-delete-mid	delete	37	2688536	188009	158431	7214	311531	3354063	1304	1932	17	17533	41	177803264
oom-edit-realistic-v1:mixed:1048576:a2669d94455fc82d	rendered-delete-mid	undo	37	2683006	177177	165775	6633	316982	3349764	1467	1932	19	17533	41	177803264
oom-edit-realistic-v1:mixed:1048576:a2669d94455fc82d	rendered-delete-mid	delete	38	2635112	195984	152910	7164	305870	3297392	1304	1932	17	17533	41	177803264
oom-edit-realistic-v1:mixed:1048576:a2669d94455fc82d	rendered-delete-mid	undo	38	2671563	169353	162689	6102	351560	3361487	1467	1932	19	17533	41	177803264
oom-edit-realistic-v1:mixed:1048576:a2669d94455fc82d	rendered-delete-mid	delete	39	2663918	260852	177659	6914	317783	3427427	1304	1932	17	17533	41	177803264
oom-edit-realistic-v1:mixed:1048576:a2669d94455fc82d	rendered-delete-mid	undo	39	2697164	179422	172318	7655	324457	3381286	1467	1932	19	17533	41	177803264
oom-edit-realistic-v1:mixed:1048576:a2669d94455fc82d	rendered-delete-mid	delete	40	2646644	173691	158431	7244	311431	3297642	1304	1932	17	17533	41	177803264
oom-edit-realistic-v1:mixed:1048576:a2669d94455fc82d	rendered-delete-mid	undo	40	2700029	180264	166196	6743	309778	3363241	1467	1932	19	17533	41	177803264
oom-edit-realistic-v1:mixed:1048576:a2669d94455fc82d	rendered-delete-mid	delete	41	2665291	175935	162048	7275	309737	3320497	1304	1932	17	17533	41	177803264
oom-edit-realistic-v1:mixed:1048576:a2669d94455fc82d	rendered-delete-mid	undo	41	2696522	189171	168290	6533	310399	3371236	1467	1932	19	17533	41	177803264
oom-edit-realistic-v1:mixed:1048576:a2669d94455fc82d	rendered-delete-mid	delete	42	2689058	237786	173240	7624	316160	3424261	1304	1932	17	17533	41	177803264
oom-edit-realistic-v1:mixed:1048576:a2669d94455fc82d	rendered-delete-mid	undo	42	2681954	181156	168140	6523	309788	3347781	1467	1932	19	17533	41	177803264
oom-edit-realistic-v1:mixed:1048576:a2669d94455fc82d	rendered-delete-mid	delete	43	2640182	159443	150666	6442	312093	3269066	1304	1932	17	17533	41	177803264
oom-edit-realistic-v1:mixed:1048576:a2669d94455fc82d	rendered-delete-mid	undo	43	2693416	170244	165194	6272	307804	3343131	1467	1932	19	17533	41	177803264
oom-edit-realistic-v1:mixed:1048576:a2669d94455fc82d	rendered-delete-mid	delete	44	2651024	156266	150466	6733	305971	3270690	1304	1932	17	17533	41	177803264
oom-edit-realistic-v1:mixed:1048576:a2669d94455fc82d	rendered-delete-mid	undo	44	2674930	172038	168400	6433	305720	3327781	1467	1932	19	17533	41	177803264
oom-edit-realistic-v1:mixed:1048576:a2669d94455fc82d	rendered-delete-mid	delete	45	2637045	154133	149624	6402	299929	3247344	1304	1932	17	17533	41	177803264
oom-edit-realistic-v1:mixed:1048576:a2669d94455fc82d	rendered-delete-mid	undo	45	2654279	163892	165545	6813	315650	3306459	1467	1932	19	17533	41	177803264
oom-edit-realistic-v1:mixed:1048576:a2669d94455fc82d	rendered-delete-mid	delete	46	2640543	154373	152890	6493	303004	3257493	1304	1932	17	17533	41	177803264
oom-edit-realistic-v1:mixed:1048576:a2669d94455fc82d	rendered-delete-mid	undo	46	2675862	178761	164603	6844	317924	3344234	1467	1932	19	17533	41	177803264
oom-edit-realistic-v1:mixed:1048576:a2669d94455fc82d	rendered-delete-mid	delete	47	2671864	258106	173290	8156	314036	3425874	1304	1932	17	17533	41	177803264
oom-edit-realistic-v1:mixed:1048576:a2669d94455fc82d	rendered-delete-mid	undo	47	2690100	182498	165315	6473	319697	3364413	1467	1932	19	17533	41	177803264
oom-edit-realistic-v1:mixed:1048576:a2669d94455fc82d	rendered-delete-mid	delete	48	2662626	170735	153501	6954	307714	3301770	1304	1932	17	17533	41	177803264
oom-edit-realistic-v1:mixed:1048576:a2669d94455fc82d	rendered-delete-mid	undo	48	2686553	172809	167309	6803	306101	3339825	1467	1932	19	17533	41	177803264
oom-edit-realistic-v1:mixed:1048576:a2669d94455fc82d	rendered-delete-mid	delete	49	2636354	157409	156097	6623	308445	3265158	1304	1932	17	17533	41	177803264
oom-edit-realistic-v1:mixed:1048576:a2669d94455fc82d	rendered-delete-mid	undo	49	2687615	168330	165646	6262	306121	3334184	1467	1932	19	17533	41	177803264
oom-edit-realistic-v1:mixed:1048576:a2669d94455fc82d	rendered-delete-mid	delete	50	2643779	158411	149183	6563	309367	3267653	1304	1932	17	17533	41	177803264
oom-edit-realistic-v1:mixed:1048576:a2669d94455fc82d	rendered-delete-mid	undo	50	2665342	174021	168701	6774	308916	3324014	1467	1932	19	17533	41	177803264
oom-edit-realistic-v1:mixed:1048576:a2669d94455fc82d	rendered-delete-mid	delete	51	2640062	158000	153451	6493	297795	3256061	1304	1932	17	17533	41	177803264
oom-edit-realistic-v1:mixed:1048576:a2669d94455fc82d	rendered-delete-mid	undo	51	2676303	167980	172999	6523	308997	3333012	1467	1932	19	17533	41	177803264
oom-edit-realistic-v1:mixed:1048576:a2669d94455fc82d	rendered-delete-mid	delete	52	2697545	198680	162218	7385	310058	3376176	1304	1932	17	17533	41	177803264
oom-edit-realistic-v1:mixed:1048576:a2669d94455fc82d	rendered-delete-mid	undo	52	2690410	183340	171978	8316	317213	3371598	1467	1932	19	17533	41	177803264
oom-edit-realistic-v1:mixed:1048576:a2669d94455fc82d	rendered-delete-mid	delete	53	2663217	168661	156407	7164	304428	3300107	1304	1932	17	17533	41	177803264
oom-edit-realistic-v1:mixed:1048576:a2669d94455fc82d	rendered-delete-mid	undo	53	2697284	176155	167158	6102	315850	3362830	1467	1932	19	17533	41	177803264
oom-edit-realistic-v1:mixed:1048576:a2669d94455fc82d	rendered-delete-mid	delete	54	2669209	161878	151187	7675	301341	3291551	1304	1932	17	17533	41	177803264
oom-edit-realistic-v1:mixed:1048576:a2669d94455fc82d	rendered-delete-mid	undo	54	2726492	211705	171106	7114	319457	3436154	1467	1932	19	17533	41	177803264
oom-edit-realistic-v1:mixed:1048576:a2669d94455fc82d	rendered-delete-mid	delete	55	2827339	178981	157249	7264	312203	3483316	1304	1932	17	17533	41	177803264
oom-edit-realistic-v1:mixed:1048576:a2669d94455fc82d	rendered-delete-mid	undo	55	2700830	191927	165976	6783	317924	3383692	1467	1932	19	17533	41	177803264
oom-edit-realistic-v1:mixed:1048576:a2669d94455fc82d	rendered-delete-mid	delete	56	2675201	177188	157900	7214	308436	3326179	1304	1932	17	17533	41	177803264
oom-edit-realistic-v1:mixed:1048576:a2669d94455fc82d	rendered-delete-mid	undo	56	2685951	191386	166327	7855	322714	3374523	1467	1932	19	17533	41	177803264
oom-edit-realistic-v1:mixed:1048576:a2669d94455fc82d	rendered-delete-mid	delete	57	2661775	223719	167128	7094	311341	3371387	1304	1932	17	17533	41	177803264
oom-edit-realistic-v1:mixed:1048576:a2669d94455fc82d	rendered-delete-mid	undo	57	2728235	195945	169553	7274	320178	3421405	1467	1932	19	17533	41	177803264
oom-edit-realistic-v1:mixed:1048576:a2669d94455fc82d	rendered-delete-mid	delete	58	2647806	177478	155205	7685	309217	3297762	1304	1932	17	17533	41	177803264
oom-edit-realistic-v1:mixed:1048576:a2669d94455fc82d	rendered-delete-mid	undo	58	2707705	192418	168220	6583	320629	3395855	1467	1932	19	17533	41	177803264
oom-edit-realistic-v1:mixed:1048576:a2669d94455fc82d	rendered-delete-mid	delete	59	2644581	166376	151338	6943	303907	3273445	1304	1932	17	17533	41	177803264
oom-edit-realistic-v1:mixed:1048576:a2669d94455fc82d	rendered-delete-mid	undo	59	2656473	169673	164051	6172	302975	3299637	1467	1932	19	17533	41	177803264
oom-edit-realistic-v1:mixed:1048576:a2669d94455fc82d	rendered-delete-mid	delete	60	2634221	154874	150054	6804	304568	3250911	1304	1932	17	17533	41	177803264
oom-edit-realistic-v1:mixed:1048576:a2669d94455fc82d	rendered-delete-mid	undo	60	2667245	164243	163791	6794	303065	3305358	1467	1932	19	17533	41	177803264
oom-edit-realistic-v1:mixed:1048576:a2669d94455fc82d	rendered-delete-mid	delete	61	2651474	157389	154283	6893	309358	3279577	1304	1932	17	17533	41	177803264
oom-edit-realistic-v1:mixed:1048576:a2669d94455fc82d	rendered-delete-mid	undo	61	2665361	171567	167649	6593	313495	3324875	1467	1932	19	17533	41	177803264
oom-edit-realistic-v1:mixed:1048576:a2669d94455fc82d	rendered-delete-mid	delete	62	2691873	231123	168671	7344	321832	3421255	1304	1932	17	17533	41	177803264
oom-edit-realistic-v1:mixed:1048576:a2669d94455fc82d	rendered-delete-mid	undo	62	2690381	176987	169773	6714	310469	3354614	1467	1932	19	17533	41	177803264
oom-edit-realistic-v1:mixed:1048576:a2669d94455fc82d	rendered-delete-mid	delete	63	2655312	163711	150135	6613	302173	3278164	1304	1932	17	17533	41	177803264
oom-edit-realistic-v1:mixed:1048576:a2669d94455fc82d	rendered-delete-mid	undo	63	2707304	183340	174252	6804	310259	3382339	1467	1932	19	17533	41	177803264
oom-edit-realistic-v1:mixed:1048576:a2669d94455fc82d	rendered-delete-mid	delete	64	2648888	161867	155405	7444	305811	3279757	1304	1932	17	17533	41	177803264
oom-edit-realistic-v1:mixed:1048576:a2669d94455fc82d	rendered-delete-mid	undo	64	2679258	170946	166406	6152	313024	3336007	1467	1932	19	17533	41	177803264
oom-edit-realistic-v1:mixed:1048576:a2669d94455fc82d	rendered-delete-mid	delete	65	2637657	161597	151448	6643	309006	3266601	1304	1932	17	17533	41	177803264
oom-edit-realistic-v1:mixed:1048576:a2669d94455fc82d	rendered-delete-mid	undo	65	2706071	174092	167579	6232	316060	3370354	1467	1932	19	17533	41	177803264
oom-edit-realistic-v1:mixed:1048576:a2669d94455fc82d	rendered-delete-mid	delete	66	2625033	154323	155986	6462	297944	3239939	1304	1932	17	17533	41	177803264
oom-edit-realistic-v1:mixed:1048576:a2669d94455fc82d	rendered-delete-mid	undo	66	2682645	175574	165856	6753	311392	3342430	1467	1932	19	17533	41	177803264
oom-edit-realistic-v1:mixed:1048576:a2669d94455fc82d	rendered-delete-mid	delete	67	2676913	208951	170594	8586	318075	3383321	1304	1932	17	17533	41	177803264
oom-edit-realistic-v1:mixed:1048576:a2669d94455fc82d	rendered-delete-mid	undo	67	2679789	184382	169553	6673	312173	3352820	1467	1932	19	17533	41	177803264
oom-edit-realistic-v1:mixed:1048576:a2669d94455fc82d	rendered-delete-mid	delete	68	2649801	173871	157219	7094	317132	3305397	1304	1932	17	17533	41	177803264
oom-edit-realistic-v1:mixed:1048576:a2669d94455fc82d	rendered-delete-mid	undo	68	2736030	177378	168782	6893	316862	3406215	1467	1932	19	17533	41	177803264
oom-edit-realistic-v1:mixed:1048576:a2669d94455fc82d	rendered-delete-mid	delete	69	2648067	161567	149995	6482	306452	3272773	1304	1932	17	17533	41	177803264
oom-edit-realistic-v1:mixed:1048576:a2669d94455fc82d	rendered-delete-mid	undo	69	2674790	242887	174201	7504	321231	3420824	1467	1932	19	17533	41	177803264
oom-edit-realistic-v1:mixed:1048576:a2669d94455fc82d	rendered-delete-mid	delete	70	2654841	169442	151578	6373	310198	3292673	1304	1932	17	17533	41	177803264
oom-edit-realistic-v1:mixed:1048576:a2669d94455fc82d	rendered-delete-mid	undo	70	2666894	166758	170975	6623	306432	3317872	1467	1932	19	17533	41	177803264
oom-edit-realistic-v1:mixed:1048576:a2669d94455fc82d	rendered-delete-mid	delete	71	2656624	160525	155185	7234	306271	3286029	1304	1932	17	17533	41	177803264
oom-edit-realistic-v1:mixed:1048576:a2669d94455fc82d	rendered-delete-mid	undo	71	2691643	166687	168902	7855	311471	3346889	1467	1932	19	17533	41	177803264
oom-edit-realistic-v1:mixed:1048576:a2669d94455fc82d	rendered-delete-mid	delete	72	2672004	230803	166748	7254	313726	3390965	1304	1932	17	17533	41	177803264
oom-edit-realistic-v1:mixed:1048576:a2669d94455fc82d	rendered-delete-mid	undo	72	2672916	191045	167058	6633	325509	3363421	1467	1932	19	17533	41	177803264
oom-edit-realistic-v1:mixed:1048576:a2669d94455fc82d	rendered-delete-mid	delete	73	2672505	164082	158141	9769	310419	3315126	1304	1932	17	17533	41	177803264
oom-edit-realistic-v1:mixed:1048576:a2669d94455fc82d	rendered-delete-mid	undo	73	2705049	181316	171256	7154	326321	3391466	1467	1932	19	17533	41	177803264
oom-edit-realistic-v1:mixed:1048576:a2669d94455fc82d	rendered-delete-mid	delete	74	2653448	166908	153611	6653	307543	3288384	1304	1932	17	17533	41	177803264
oom-edit-realistic-v1:mixed:1048576:a2669d94455fc82d	rendered-delete-mid	undo	74	2689047	193180	172488	6663	318435	3380014	1467	1932	19	17533	41	177803264
oom-edit-realistic-v1:mixed:1048576:a2669d94455fc82d	rendered-delete-mid	delete	75	2643789	164924	153792	6954	303004	3272683	1304	1932	17	17533	41	177803264
oom-edit-realistic-v1:mixed:1048576:a2669d94455fc82d	rendered-delete-mid	undo	75	2669750	170976	165956	6663	311421	3325286	1467	1932	19	17533	41	177803264
oom-edit-realistic-v1:mixed:1048576:a2669d94455fc82d	rendered-delete-mid	delete	76	2657997	159493	150025	12535	308585	3288975	1304	1932	17	17533	41	177803264
oom-edit-realistic-v1:mixed:1048576:a2669d94455fc82d	rendered-delete-mid	undo	76	2661183	168250	164443	6262	308867	3309225	1467	1932	19	17533	41	177803264
oom-edit-realistic-v1:mixed:1048576:a2669d94455fc82d	rendered-delete-mid	delete	77	2686352	200163	159644	7164	320599	3374262	1304	1932	17	17533	41	177803264
oom-edit-realistic-v1:mixed:1048576:a2669d94455fc82d	rendered-delete-mid	undo	77	2704277	193861	169743	7505	314006	3389702	1467	1932	19	17533	41	177803264
oom-edit-realistic-v1:mixed:1048576:a2669d94455fc82d	rendered-delete-mid	delete	78	2660722	170595	155355	7023	320079	3314015	1304	1932	17	17533	41	177803264
oom-edit-realistic-v1:mixed:1048576:a2669d94455fc82d	rendered-delete-mid	undo	78	2692665	181556	166076	6914	309668	3357139	1467	1932	19	17533	41	177803264
oom-edit-realistic-v1:mixed:1048576:a2669d94455fc82d	rendered-delete-mid	delete	79	2640282	161888	151287	7073	309948	3270829	1304	1932	17	17533	41	177803264
oom-edit-realistic-v1:mixed:1048576:a2669d94455fc82d	rendered-delete-mid	undo	79	2705150	184051	173450	7165	320088	3390174	1467	1932	19	17533	41	177803264
oom-edit-realistic-v1:mixed:1048576:a2669d94455fc82d	rendered-delete-mid	delete	80	2667436	170284	153301	6783	307643	3305728	1304	1932	17	17533	41	177803264
oom-edit-realistic-v1:mixed:1048576:a2669d94455fc82d	rendered-delete-mid	undo	80	2659871	169613	172869	7064	307574	3317261	1467	1932	19	17533	41	177803264
oom-edit-realistic-v1:mixed:1048576:a2669d94455fc82d	rendered-delete-mid	delete	81	2662505	162469	153472	6983	308024	3293764	1304	1932	17	17533	41	177803264
oom-edit-realistic-v1:mixed:1048576:a2669d94455fc82d	rendered-delete-mid	undo	81	2650421	176666	166207	6853	317954	3318413	1467	1932	19	17533	41	177803264
oom-edit-realistic-v1:mixed:1048576:a2669d94455fc82d	rendered-delete-mid	delete	82	2660622	229841	165786	7354	312203	3376086	1304	1932	17	17533	41	177803264
oom-edit-realistic-v1:mixed:1048576:a2669d94455fc82d	rendered-delete-mid	undo	82	2695480	179472	172769	6713	322032	3376747	1467	1932	19	17533	41	177803264
oom-edit-realistic-v1:mixed:1048576:a2669d94455fc82d	rendered-delete-mid	delete	83	2654941	168551	153892	7034	305750	3290398	1304	1932	17	17533	41	177803264
oom-edit-realistic-v1:mixed:1048576:a2669d94455fc82d	rendered-delete-mid	undo	83	2666584	169984	165615	6583	306121	3315127	1467	1932	19	17533	41	177803264
oom-edit-realistic-v1:mixed:1048576:a2669d94455fc82d	rendered-delete-mid	delete	84	2632747	152690	158331	6743	301351	3252182	1304	1932	17	17533	41	177803264
oom-edit-realistic-v1:mixed:1048576:a2669d94455fc82d	rendered-delete-mid	undo	84	2668707	168692	167118	6522	299909	3311149	1467	1932	19	17533	41	177803264
oom-edit-realistic-v1:mixed:1048576:a2669d94455fc82d	rendered-delete-mid	delete	85	2660041	158852	156437	6282	306742	3288725	1304	1932	17	17533	41	177803264
oom-edit-realistic-v1:mixed:1048576:a2669d94455fc82d	rendered-delete-mid	undo	85	2669730	173129	163731	5781	306211	3319134	1467	1932	19	17533	41	177803264
oom-edit-realistic-v1:mixed:1048576:a2669d94455fc82d	rendered-delete-mid	delete	86	2648578	156026	151637	6262	307864	3270559	1304	1932	17	17533	41	177803264
oom-edit-realistic-v1:mixed:1048576:a2669d94455fc82d	rendered-delete-mid	undo	86	2659399	172177	174092	6784	310509	3323122	1467	1932	19	17533	41	177803264
oom-edit-realistic-v1:mixed:1048576:a2669d94455fc82d	rendered-delete-mid	delete	87	2666744	183571	159012	8356	314888	3332872	1304	1932	17	17533	41	177803264
oom-edit-realistic-v1:mixed:1048576:a2669d94455fc82d	rendered-delete-mid	undo	87	2707444	183330	170555	7054	311251	3379844	1467	1932	19	17533	41	177803264
oom-edit-realistic-v1:mixed:1048576:a2669d94455fc82d	rendered-delete-mid	delete	88	2672324	168019	154183	7735	307303	3309755	1304	1932	17	17533	41	177803264
oom-edit-realistic-v1:mixed:1048576:a2669d94455fc82d	rendered-delete-mid	undo	88	2697394	169502	168200	7124	340307	3382750	1467	1932	19	17533	41	177803264
oom-edit-realistic-v1:mixed:1048576:a2669d94455fc82d	rendered-delete-mid	delete	89	2609422	160124	150085	6653	301041	3227615	1304	1932	17	17533	41	177803264
oom-edit-realistic-v1:mixed:1048576:a2669d94455fc82d	rendered-delete-mid	undo	89	2683086	179963	166246	6774	318375	3354655	1467	1932	19	17533	41	177803264
oom-edit-realistic-v1:mixed:1048576:a2669d94455fc82d	rendered-delete-mid	delete	90	2649210	165375	158511	7695	304047	3285028	1304	1932	17	17533	41	177803264
oom-edit-realistic-v1:mixed:1048576:a2669d94455fc82d	rendered-delete-mid	undo	90	2684008	174663	167539	6393	307503	3340556	1467	1932	19	17533	41	177803264
oom-edit-realistic-v1:mixed:1048576:a2669d94455fc82d	rendered-delete-mid	delete	91	2649480	156568	152750	6142	318244	3283415	1304	1932	17	17533	41	177803264
oom-edit-realistic-v1:mixed:1048576:a2669d94455fc82d	rendered-delete-mid	undo	91	2675311	169533	164353	6412	305791	3321600	1467	1932	19	17533	41	177803264
oom-edit-realistic-v1:mixed:1048576:a2669d94455fc82d	rendered-delete-mid	delete	92	2674850	208078	159914	8567	321922	3373611	1304	1932	17	17533	41	177803264
oom-edit-realistic-v1:mixed:1048576:a2669d94455fc82d	rendered-delete-mid	undo	92	2699538	189763	168060	6773	318806	3383310	1467	1932	19	17533	41	177803264
oom-edit-realistic-v1:mixed:1048576:a2669d94455fc82d	rendered-delete-mid	delete	93	2659239	169683	155345	6884	316160	3307682	1304	1932	17	17533	41	177803264
oom-edit-realistic-v1:mixed:1048576:a2669d94455fc82d	rendered-delete-mid	undo	93	2679539	177519	164473	6503	309697	3337932	1467	1932	19	17533	41	177803264
oom-edit-realistic-v1:mixed:1048576:a2669d94455fc82d	rendered-delete-mid	delete	94	2646234	161096	150355	6593	302725	3267493	1304	1932	17	17533	41	177803264
oom-edit-realistic-v1:mixed:1048576:a2669d94455fc82d	rendered-delete-mid	undo	94	2716552	242576	176336	7074	317263	3460151	1467	1932	19	17533	41	177803264
oom-edit-realistic-v1:mixed:1048576:a2669d94455fc82d	rendered-delete-mid	delete	95	2697574	171747	153140	7154	305249	3335215	1304	1932	17	17533	41	177803264
oom-edit-realistic-v1:mixed:1048576:a2669d94455fc82d	rendered-delete-mid	undo	95	2659530	177679	170996	6593	310089	3325407	1467	1932	19	17533	41	177803264
oom-edit-realistic-v1:mixed:1048576:a2669d94455fc82d	rendered-delete-mid	delete	96	2680872	162689	151958	7054	308996	3311870	1304	1932	17	17533	41	177803264
oom-edit-realistic-v1:mixed:1048576:a2669d94455fc82d	rendered-delete-mid	undo	96	2683406	168430	165345	6463	312333	3336328	1467	1932	19	17533	41	177803264
oom-edit-realistic-v1:mixed:1048576:a2669d94455fc82d	rendered-delete-mid	delete	97	2623569	167699	152850	8216	304959	3257604	1304	1932	17	17533	41	177803264
oom-edit-realistic-v1:mixed:1048576:a2669d94455fc82d	rendered-delete-mid	undo	97	2706102	179151	164012	6774	324557	3380806	1467	1932	19	17533	41	177803264
oom-edit-realistic-v1:mixed:1048576:a2669d94455fc82d	rendered-delete-mid	delete	98	2662906	176106	155275	7124	304989	3306720	1304	1932	17	17533	41	177803264
oom-edit-realistic-v1:mixed:1048576:a2669d94455fc82d	rendered-delete-mid	undo	98	2668538	170063	163221	6703	338214	3346999	1467	1932	19	17533	41	177803264
oom-edit-realistic-v1:mixed:1048576:a2669d94455fc82d	rendered-delete-mid	delete	99	2642807	157128	154974	7034	303716	3265880	1304	1932	17	17533	41	177803264
oom-edit-realistic-v1:mixed:1048576:a2669d94455fc82d	rendered-delete-mid	undo	99	2663047	168150	165575	6022	302865	3305839	1467	1932	19	17533	41	177803264
